Establishment,Permit Holder,Telephone,Establishment Permit #,Establishment Address Street #,Establishment Address Street Name,Establishment Address Unit #,Establishment Address City,Establishment Address State,Establishment Address Zip Code,Mailing Address Street #,Mailing Address Street Name,Mailing Address Unit #,Mailing Address City,Mailing Address State,Mailing Address Zip Code,Mailing Care Of,PO BOX,Facility Permit #,Business Status,Facility Type,Risk Category,1st Inspection,TMKZone,TMKSection,TMKPlat,TMKParcel,Permit Expire Date
"MATSUMOTO'S OKAZUYA RESTAURANT, LLC",TODD MATSUMOTO,(808)721-7464,8807,"GULICK AVENUE
HONOLULU, HAWAII 96817
(21.34213736428819, -157.86777789566838)",GULICK AVENUE ,   ,HONOLULU,HAWAII,96817,"GULICK AVENUE
HONOLULU, HAWAII 96817
(21.34213736428819, -157.86777789566838)",GULICK AVENUE ,   ,HONOLULU,HAWAII,96817,,,8807,Open,137 New and Renewal 1,Category 1,07/25/2011 12:00:00 AM,1,3,7,24,08/02/2013 12:00:00 AM
RAINBOW SCHOOL,RAINBOW SCHOOL,(808)293-9341,2355,"WAIKALUA ROAD
KANEOHE, HAWAII 96744
(21.413830120578623, -157.79202216179485)",WAIKALUA ROAD ,   ,KANEOHE,HAWAII,96744,"WAIKALUA ROAD
KANEOHE, HAWAII 96744
(21.413830120578623, -157.79202216179485)",WAIKALUA ROAD ,   ,KANEOHE,HAWAII,96744,,,2355,Open,137 New and Renewal 2,Category 2,11/01/2011 12:00:00 AM,4,5,16,12,11/18/2013 12:00:00 AM
SUBWAY KCC,"JUB CO., LTD.",(808)728-4177,13972,"DIAMOND HEAD ROAD
HONOLULU, HAWAII 96816
(21.25787527466879, -157.7989981589516)",DIAMOND HEAD ROAD,   ,HONOLULU,HAWAII,96816,"WOODLAWN DRIVE
HONOLULU, HAWAII 96822
(21.30718330212897, -157.81032287478018)",WOODLAWN DRIVE ,5-106,HONOLULU,HAWAII,96822," SUBWAY MANOA (JUB CO., LTD.)",,13972,Open,137 New and Renewal 2,Category 2,08/23/2010 12:00:00 AM,3,1,42,9,"August 23"", ""2014"
7-ELEVEN STORE #54211,"SEVEN-ELEVEN HAWAII, INC.",(808)526-1711,11849,"SOUTH KING STREET
HONOLULU, HAWAII 96826
(21.28996578888771, -157.8182999635788)",SOUTH KING STREET,   ,HONOLULU,HAWAII,96826,"NUUANU AVENUE
HONOLULU, HAWAII 96817
(21.310000091571197, -157.86425704992365)",NUUANU AVENUE ,2ND FLOOR   ,HONOLULU,HAWAII,96817,MASAE DOTE,,11849,Open,137 New and Renewal 2,Category 2,09/29/2011 12:00:00 AM,2,8,24,10,10/15/2013 12:00:00 AM
"L & L WINDWARD CITY, INC.",KWOCK YUM KAM,(808)236-3030,3542,"KANEOHE BAY DRIVE
KANEOHE, HAWAII 96744
(21.4103869130918, -157.77225640632628)",KANEOHE BAY DRIVE,   ,KANEOHE,HAWAII,96744,"KANEOHE BAY DRIVE
KANEOHE, HAWAII 96744
(21.4103869130918, -157.77225640632628)",KANEOHE BAY DRIVE,   ,KANEOHE,HAWAII,96744,,,3542,Open,137 New and Renewal 1,Category 1,02/25/2010 12:00:00 AM,4,5,60,61,"March 18"", ""2014"
"99 CAFE VIETNAMESE CUISINE, LLC","99 CAFE VIETNAMESE, LLC",(808)256-8541,15168,"NORTH KING STREET
HONOLULU, HAWAII 96817
(21.313817713585564, -157.86425255331352)",NORTH KING STREET,   ,HONOLULU,HAWAII,96817,"NORTH KING STREET
HONOLULU, HAWAII 96817
(21.313817713585564, -157.86425255331352)",NORTH KING STREET,   ,HONOLULU,HAWAII,96817,,,15168,Open,137 New and Renewal 1,Category 1,01/03/2012 12:00:00 AM,1,7,3,29,01/03/2014 12:00:00 AM
PACO ALAFANSO (CW853),PACO & YOWANINA ALAFANSO,(808)842-1432,13215,"KALAUNU STREET
HONOLULU, HAWAII 96819
(21.349914637554416, -157.86357178895008)",KALAUNU STREET ,   ,HONOLULU,HAWAII,96819,"KALAUNU STREET
HONOLULU, HAWAII 96819
(21.349914637554416, -157.86357178895008)",KALAUNU STREET ,   ,HONOLULU,HAWAII,96819,,,13215,Open,137 New and Renewal 3,Category 3,10/10/2011 12:00:00 AM,1,3,22,1,10/01/2013 12:00:00 AM
ON STAGE DRINKS & GRINDS,MERLITA SHERMAN,(808)306-7799,7663,"KAPAHULU AVENUE
HONOLULU, HAWAII 96816
(21.287804823888052, -157.81283381628828)",KAPAHULU AVENUE ,   ,HONOLULU,HAWAII,96816,"KAPAHULU AVENUE
HONOLULU, HAWAII 96816
(21.287804823888052, -157.81283381628828)",KAPAHULU AVENUE ,   ,HONOLULU,HAWAII,96816,,,7663,Open,137 New and Renewal 3,Category 3,06/02/2011 12:00:00 AM,2,7,32,6,06/26/2013 12:00:00 AM
SAIGON NOODLE HOUSE #3,LOAN UYENO,(808)387-6556,15538,"OLIVE AVENUE
WAHIAWA, HAWAII 96786
(21.494482516051647, -158.02921519314802)",OLIVE AVENUE,,WAHIAWA,HAWAII,96786,"OLIVE AVENUE
WAHIAWA, HAWAII 96786
(21.494482516051647, -158.02921519314802)",OLIVE AVENUE,,WAHIAWA,HAWAII,96786,,,15538,Open,137 New and Renewal 2,Category 2,06/07/2012 12:00:00 AM,7,4,3,44,06/07/2014 12:00:00 AM
KAPAHULU STOP & SHOP,POK CHA NISHI,(808)737-0443,11430,"KAPAHULU AVENUE
HONOLULU, HAWAII 96815
(21.273487832608467, -157.81652989273888)",KAPAHULU AVENUE ,   ,HONOLULU,HAWAII,96815,"KAPAHULU AVENUE
HONOLULU, HAWAII 96815
(21.273487832608467, -157.81652989273888)",KAPAHULU AVENUE ,   ,HONOLULU,HAWAII,96815,,,11430,Open,137 New and Renewal 2,Category 2,05/24/2011 12:00:00 AM,3,1,22,6,05/16/2013 12:00:00 AM
"JOE ON THE GO, LLC","JOE ON THE GO, LLC",(808)478-8224,15093,"ALAHAO PLACE
HONOLULU, HAWAII 96819
(21.328071448465092, -157.88744270497597)",ALAHAO PLACE ,206,HONOLULU,HAWAII,96819,"ALAHAO PLACE
HONOLULU, HAWAII 96819
(21.328071448465092, -157.88744270497597)",ALAHAO PLACE ,206,HONOLULU,HAWAII,96819,,,15093,Open,137 New and Renewal 3,Category 3,11/28/2011 12:00:00 AM,1,2,21,9,11/28/2013 12:00:00 AM
SUNRISE RESTAURANT,"CHOKATSU, INC.",(808)737-4118,4668,"KAPAHULU AVENUE
HONOLULU, HAWAII 96815
(21.273487832608467, -157.81652989273888)",KAPAHULU AVENUE ,   ,HONOLULU,HAWAII,96815,"KAPAHULU AVENUE
HONOLULU, HAWAII 96815
(21.273487832608467, -157.81652989273888)",KAPAHULU AVENUE ,   ,HONOLULU,HAWAII,96815,,,4668,Open,137 New and Renewal 1,Category 1,03/24/2011 12:00:00 AM,3,1,17,36,04/01/2013 12:00:00 AM
KURU KURU SUSHI,"GINSHARI, INC.",(808)284-4665,14683,"WAIALAE AVENUE
HONOLULU, HAWAII 96816
(21.27877563071388, -157.78931204861195)",WAIALAE AVENUE ,   ,HONOLULU,HAWAII,96816,"KAMEHAMEHA HIGHWAY
AIEA, HAWAII 96701
(21.3864238873908, -157.95247197888085)",KAMEHAMEHA HIGHWAY ,   ,AIEA,HAWAII,96701,,,14683,Open,137 New and Renewal 1,Category 1,06/08/2011 12:00:00 AM,3,5,16,1,06/08/2013 12:00:00 AM
TOP OF WAIKIKI,"TOP OF WAIKIKI, INC.",(808)923-1191,1841,"KALAKAUA AVENUE
HONOLULU, HAWAII 96815
(21.289221256084204, -157.8349706280395)",KALAKAUA AVENUE ,1800,HONOLULU,HAWAII,96815,"KALAKAUA AVENUE
HONOLULU, HAWAII 96815
(21.289221256084204, -157.8349706280395)",KALAKAUA AVENUE ,1800,HONOLULU,HAWAII,96815,,,1841,Open,137 New and Renewal 1,Category 1,09/12/2011 12:00:00 AM,2,6,22,3,09/26/2013 12:00:00 AM
J. W. MARRIOTT IHILANI RESORT & SPA POOLSIDE BAR & GRILL,"MARRIOTT HOTEL SERVICES, INC.",(808)679-0079,5151,"OLANI STREET
KAPOLEI, HAWAII 96707
(21.342537562591247, -158.12307743334605)",OLANI STREET ,   ,KAPOLEI,HAWAII,96707,"OLANI STREET
KAPOLEI, HAWAII 96707
(21.342537562591247, -158.12307743334605)",OLANI STREET ,   ,KAPOLEI,HAWAII,96707,,,5151,Open,137 New and Renewal 1,Category 1,09/26/2011 12:00:00 AM,9,1,57,1,10/08/2013 12:00:00 AM
WAIALUA SODA WORKS,"NORTH SHORE BEVERAGE CO., LTD.",(808)371-7556,13902,"GOODALE AVENUE
WAIALUA, HAWAII 96791
(21.573977992130875, -158.1230021600252)",GOODALE AVENUE ,   ,WAIALUA,HAWAII,96791,"WAIALUA, HAWAII 96791
(21.576399999960188, -158.13287999961216)",,   ,WAIALUA,HAWAII,96791,,657,13902,Open,137 New and Renewal 3,Category 3,08/04/2010 12:00:00 AM,6,7,5,83,01/23/2012 12:00:00 AM
LIN'S MARKET,"FUN WORLD, INC.",(808)593-8611,12324,"AUAHI STREET
HONOLULU, HAWAII 96814
(21.29339804226976, -157.8526704107278)",AUAHI STREET ,   ,HONOLULU,HAWAII,96814,"AUAHI STREET
HONOLULU, HAWAII 96814
(21.29339804226976, -157.8526704107278)",AUAHI STREET ,   ,HONOLULU,HAWAII,96814,,,12324,Open,137 New and Renewal 3,Category 3,07/09/2010 12:00:00 AM,2,3,2,1,"July 24"", ""2014"
HOLOMUA ELEMENTARY SCHOOL,DEPARTMENT OF EDUCATION,(808)685-2006,2784,"KEAUNUI DRIVE
EWA BEACH, HAWAII 96706
(21.32838642807543, -158.0212046309841)",KEAUNUI DRIVE ,   ,EWA BEACH,HAWAII,96706,"KEAUNUI DRIVE
EWA BEACH, HAWAII 96706
(21.32838642807543, -158.0212046309841)",KEAUNUI DRIVE ,   ,EWA BEACH,HAWAII,96706,,,2784,Open,137 New and Renewal 1,Category 1,01/25/2012 12:00:00 AM,9,1,10,22,01/13/2014 12:00:00 AM
ALA MOANA DELI & SUNDRIES,JUDY TUNG,(808)393-4751,12173,"KAPIOLANI BOULEVARD
HONOLULU, HAWAII 96814
(21.29056124590784, -157.83580699752676)",KAPIOLANI BOULEVARD ,740,HONOLULU,HAWAII,96814,"KAPIOLANI BOULEVARD
HONOLULU, HAWAII 96814
(21.29056124590784, -157.83580699752676)",KAPIOLANI BOULEVARD ,740,HONOLULU,HAWAII,96814, JUDY TUNG,,12173,Open,137 New and Renewal 3,Category 3,03/10/2010 12:00:00 AM,2,3,40,1,03/17/2012 12:00:00 AM
KANEOHE HIGASHI HONGWANJI,KANEOHE HIGASHI HONGWANJI MISSION,(808)247-2661,3414,"KEAAHALA ROAD
KANEOHE, HAWAII 96744
(21.413948228327826, -157.8023926875281)",KEAAHALA ROAD ,   ,KANEOHE,HAWAII,96744,"KEAAHALA ROAD
KANEOHE, HAWAII 96744
(21.413948228327826, -157.8023926875281)",KEAAHALA ROAD ,   ,KANEOHE,HAWAII,96744,,,3414,Open,137 New and Renewal 3,Category 3,02/22/2010 12:00:00 AM,4,5,20,19,03/03/2014 12:00:00 AM
JULIE'Z RESTAURANT FILIPINO HOMESTYLE CUISINE,"JULIE'Z RESTAURANT FILIPINO HOMESTYLE CUISINE, LLC.",(808)693-8778,7033,"FARRINGTON HIGHWAY
KAPOLEI, HAWAII 96707
(21.346551140538818, -158.12445892344093)",FARRINGTON HIGHWAY ,532,KAPOLEI,HAWAII,96707,"FARRINGTON HIGHWAY
KAPOLEI, HAWAII 96707
(21.346551140538818, -158.12445892344093)",FARRINGTON HIGHWAY,532,KAPOLEI,HAWAII,96707,,,7033,Open,137 New and Renewal 1,Category 1,12/14/2010 12:00:00 AM,9,1,106,10,12/19/2012 12:00:00 AM
HAWAII'S OWN COFFEE COMMISSARY,"SUMO SHAVE ICE, LLC",(808)222-5888,12616,"KAMEHAMEHA HIGHWAY
HONOLULU, HAWAII 96819
(21.332474149083396, -157.88727969387375)",KAMEHAMEHA HIGHWAY ,   ,HONOLULU,HAWAII,96819,"AKAAKA STREET
AIEA, HAWAII 96701
(21.39249147223063, -157.91674712491314)",AKAAKA STREET ,   ,AIEA,HAWAII,96701,JEFFREY T. NAMIHIRA,,12616,Open,137 New and Renewal 3,Category 3,01/13/2009 12:00:00 AM,1,2,13,7,01/13/2011 12:00:00 AM
BON BON,TONG YUK LIN,(808)383-6138,8438,"KALAKAUA AVENUE
HONOLULU, HAWAII 96815
(21.289221256084204, -157.8349706280395)",KALAKAUA AVENUE ,LL101A,HONOLULU,HAWAII,96815,"KALAKAUA AVENUE
HONOLULU, HAWAII 96815
(21.289221256084204, -157.8349706280395)",KALAKAUA AVENUE ,LL101A,HONOLULU,HAWAII,96815,,,8438,Open,137 New and Renewal 2,Category 2,02/01/2011 12:00:00 AM,2,6,19,18,01/31/2013 12:00:00 AM
KOA PANCAKE HOUSE - HAWAII KAI,"JMC KOA, INC.",(808)741-1572,14293,"KEAHOLE STREET
HONOLULU, HAWAII 96825
(21.283078886624082, -157.71526636932953)",KEAHOLE STREET ,   ,HONOLULU,HAWAII,96825,"FARRINGTON HIGHWAY
WAIPAHU, HAWAII 96797
(21.39596077521469, -157.98406389742595)",FARRINGTON HIGHWAY ,C1-2,WAIPAHU,HAWAII,96797,,,14293,Open,137 New and Renewal 1,Category 1,12/21/2010 12:00:00 AM,3,9,17,44,12/21/2012 12:00:00 AM
PHO MY VI VIETNAMESE RESTAURANT,"TQW GROUP, LLC.",(808)247-1628,7908,"KAMEHAMEHA HIGHWAY
KANEOHE, HAWAII 96744
(21.40322830973858, -157.7994698909329)",KAMEHAMEHA HIGHWAY ,   ,KANEOHE,HAWAII,96744,"KAMEHAMEHA HIGHWAY
KANEOHE, HAWAII 96744
(21.40322830973858, -157.7994698909329)",KAMEHAMEHA HIGHWAY ,   ,KANEOHE,HAWAII,96744,,,7908,Open,137 New and Renewal 1,Category 1,03/31/2010 12:00:00 AM,4,6,2,2,"April 14"", ""2014"
DEW DROP INN,SHENG HUI TSAI,(808)372-3393,978,"SOUTH BERETANIA STREET
HONOLULU, HAWAII 96814
(21.303895186905667, -157.8493966033946)",SOUTH BERETANIA STREET,   ,HONOLULU,HAWAII,96814,"SOUTH BERETANIA STREET
HONOLULU, HAWAII 96814
(21.303895186905667, -157.8493966033946)",SOUTH BERETANIA STREET,   ,HONOLULU,HAWAII,96814,,,978,Open,137 New and Renewal 1,Category 1,06/15/2011 12:00:00 AM,2,4,13,2,05/19/2013 12:00:00 AM
PRINCE KUHIO PHARMACY,"OUTRIGGER SHOPS, LTD.",(808)923-2057,11829,"KUHIO AVENUE
HONOLULU, HAWAII 96815
(21.278845579283345, -157.82537959046584)",KUHIO AVENUE ,   ,HONOLULU,HAWAII,96815,"KUHIO AVENUE
HONOLULU, HAWAII 96815
(21.278845579283345, -157.82537959046584)",KUHIO AVENUE,MEZZANINE FLOOR   ,HONOLULU,HAWAII,96815,AUDREY,,11829,Open,137 New and Renewal 3,Category 3,09/19/2011 12:00:00 AM,2,6,21,99,10/11/2013 12:00:00 AM
STEVENSON MIDDLE SCHOOL,DEPARTMENT OF EDUCATION,(808)587-4532,305,"PROSPECT STREET
HONOLULU, HAWAII 96822
(21.309384091640826, -157.84076307026845)",PROSPECT STREET ,   ,HONOLULU,HAWAII,96822,"PROSPECT STREET
HONOLULU, HAWAII 96822
(21.309384091640826, -157.84076307026845)",PROSPECT STREET ,   ,HONOLULU,HAWAII,96822,,,305,Open,137 New and Renewal 1,Category 1,02/11/2011 12:00:00 AM,2,4,33,13,02/11/2013 12:00:00 AM
KALIHI SUPER MEATS,"SHUICHI ASAO, INC.",(808)533-2272,13056,"NORTH KING STREET
HONOLULU, HAWAII 96819
(21.336664771248305, -157.88300779490478)",NORTH KING STREET,4,HONOLULU,HAWAII,96819,"NORTH KING STREET
HONOLULU, HAWAII 96819
(21.336664771248305, -157.88300779490478)",NORTH KING STREET,4,HONOLULU,HAWAII,96819,,,13056,Open,137 New and Renewal 2,Category 2,07/25/2011 12:00:00 AM,1,3,3,26,07/16/2013 12:00:00 AM
PRIMA TRATORIA,"VJ RESTAURANT GROUP, LLC",(808)561-4411,14932,"HEKILI STREET
KAILUA, HAWAII 96734
(21.392065706450488, -157.74400338137391)",HEKILI STREET ,107,KAILUA,HAWAII,96734,"SPENCER STREET
HONOLULU, HAWAII 96822
(21.307426751352516, -157.84795008831657)",SPENCER STREET ,   ,HONOLULU,HAWAII,96822, VJ RESTAURANT GROUP,,14932,Open,137 New and Renewal 1,Category 1,09/16/2011 12:00:00 AM,4,2,38,23,09/16/2013 12:00:00 AM
ISLAND FRUITS,NOFOALII L. AIAGA,(808)384-8740,13561,"PLANTATION ROAD
WAIANAE, HAWAII 96792
(21.44582469765635, -158.18800398725136)",PLANTATION ROAD ,   ,WAIANAE,HAWAII,96792,"KEKUILANI LOOP
KAPOLEI, HAWAII 96707
(21.336287274487603, -158.06297574212795)",KEKUILANI LOOP ,F,KAPOLEI,HAWAII,96707,,,13561,Open,137 New and Renewal 3,Category 3,02/09/2012 12:00:00 AM,8,5,1,59,02/24/2014 12:00:00 AM
COSTCO WHOLESALE #1038,COSTCO WHOLESALE CORP.,(425)313-8100,12701,"KAPOLEI PARKWAY
KAPOLEI, HAWAII 96707
(21.329229995741102, -158.07253191013845)",KAPOLEI PARKWAY ,   ,KAPOLEI,HAWAII,96707,"SEATTLE, WASHINGTON 98124
(47.551910000346425, -122.3263100002062)",,   ,SEATTLE,WASHINGTON,98124, LICENSING,35005,12701,Open,137 New and Renewal 1,Category 1,02/11/2011 12:00:00 AM,9,1,16,1,02/17/2013 12:00:00 AM
BOB'S SPORTS BAR,ROWELL CRIVELLO,(808)263-7669,5555,"HAMAKUA DRIVE
KAILUA, HAWAII 96734
(21.39331778097568, -157.7450384251095)",HAMAKUA DRIVE ,   ,KAILUA,HAWAII,96734,"HAMAKUA DRIVE
KAILUA, HAWAII 96734
(21.39331778097568, -157.7450384251095)",HAMAKUA DRIVE ,   ,KAILUA,HAWAII,96734,,,5555,Open,137 New and Renewal 1,Category 1,09/13/2010 12:00:00 AM,4,2,38,47,07/27/2012 12:00:00 AM
TATSUO'S,LAURIE Y. MORITA,(808)255-5529,9266,"ALAHAO PLACE
HONOLULU, HAWAII 96819
(21.328071448465092, -157.88744270497597)",ALAHAO PLACE ,200,HONOLULU,HAWAII,96819,"ALAHAO PLACE
HONOLULU, HAWAII 96819
(21.328071448465092, -157.88744270497597)",ALAHAO PLACE ,200,HONOLULU,HAWAII,96819,,,9266,Open,137 New and Renewal 1,Category 1,03/03/2010 12:00:00 AM,1,2,21,9,"March 30"", ""2014"
RAINBOW COMBINATION MARKET,"RAINBOW COMBINATION MARKET, LLC",(808)739-0133,13921,"PALOLO AVENUE
HONOLULU, HAWAII 96816
(21.291586473021255, -157.80146638583793)",PALOLO AVENUE ,   ,HONOLULU,HAWAII,96816,"PALOLO AVENUE
HONOLULU, HAWAII 96816
(21.291586473021255, -157.80146638583793)",PALOLO AVENUE ,   ,HONOLULU,HAWAII,96816," RAINBOW COMBINATION MARKET, LLC",,13921,Open,137 New and Renewal 2,Category 2,08/11/2010 12:00:00 AM,3,3,47,102,08/11/2012 12:00:00 AM
NIMITZ MART,GABI CORP.,(808)253-1228,12032,"NORTH NIMITZ HIGHWAY
HONOLULU, HAWAII 96819
(21.337267535499564, -157.91434479034552)",NORTH NIMITZ HIGHWAY,   ,HONOLULU,HAWAII,96819,"NORTH NIMITZ HIGHWAY
HONOLULU, HAWAII 96819
(21.337267535499564, -157.91434479034552)",NORTH NIMITZ HIGHWAY,   ,HONOLULU,HAWAII,96819,,,12032,Open,137 New and Renewal 2,Category 2,11/28/2011 12:00:00 AM,1,1,14,87,12/04/2013 12:00:00 AM
"CLAY CAFE, LLC","CLAY CAFE, LLC",(808)589-1808,15246,"ALA MOANA BOULEVARD
HONOLULU, HAWAII 96814
(21.28823767336588, -157.84028676965752)",ALA MOANA BOULEVARD,BLDG. A  ,HONOLULU,HAWAII,96814,"ALA MOANA BOULEVARD
HONOLULU, HAWAII 96814
(21.28823767336588, -157.84028676965752)",ALA MOANA BOULEVARD,BLDG. A  ,HONOLULU,HAWAII,96814,,,15246,Open,137 New and Renewal 3,Category 3,02/01/2012 12:00:00 AM,2,3,1,5,02/01/2014 12:00:00 AM
LONGS DRUG STORES #9864,"LONGS DRUG STORES CALIFORNIA, INC.",(401)765-1500,11088,"MEHEULA PARKWAY
MILILANI, HAWAII 96789
(21.465218577218224, -158.00423652378421)",MEHEULA PARKWAY ,A,MILILANI,HAWAII,96789,"CVS DRIVE
WOONSOCKET, RHODE ISLAND 02895
(41.99328374986648, -71.47787104268498)",CVS DRIVE,MAIL DROP 23062A   ,WOONSOCKET,RHODE ISLAND,2895," DIANNE LACKEY, LICENSING COORDINATOR",,11088,Open,137 New and Renewal 3,Category 3,10/22/2010 12:00:00 AM,9,4,5,51,10/29/2012 12:00:00 AM
ISLAND COLONY ALOHA MART,"BRYAN ENTERPRISES, INC.",(808)926-5159,13181,"SEASIDE AVENUE
HONOLULU, HAWAII 96815
(21.280506825620307, -157.8264765314728)",SEASIDE AVENUE ,601,HONOLULU,HAWAII,96815,"SEASIDE AVENUE
HONOLULU, HAWAII 96815
(21.280506825620307, -157.8264765314728)",SEASIDE AVENUE ,601,HONOLULU,HAWAII,96815,,,13181,Open,137 New and Renewal 3,Category 3,08/23/2011 12:00:00 AM,2,6,21,26,09/14/2013 12:00:00 AM
"BLESSED MARIANNE COPE PRESCHOOL 901, 902",SAINT FRANCIS SCHOOL,(808)988-4111,10368,"PAMOA ROAD
HONOLULU, HAWAII 96822
(21.305139256002803, -157.81422326882358)",PAMOA ROAD ,   ,HONOLULU,HAWAII,96822,"PAMOA ROAD
HONOLULU, HAWAII 96822
(21.305139256002803, -157.81422326882358)",PAMOA ROAD ,   ,HONOLULU,HAWAII,96822,,,10368,Open,137 New and Renewal 3,Category 3,05/04/2010 12:00:00 AM,2,9,4,1,"May 17"", ""2014"
SWEET LADY LOUNGE,THU TAM T. YOUNG,(808)955-1329,4895,"KEEAUMOKU STREET
HONOLULU, HAWAII 96814
(21.30222994923804, -157.83839704497115)",KEEAUMOKU STREET ,   ,HONOLULU,HAWAII,96814,"KEEAUMOKU STREET
HONOLULU, HAWAII 96814
(21.30222994923804, -157.83839704497115)",KEEAUMOKU STREET ,   ,HONOLULU,HAWAII,96814,,,4895,Open,137 New and Renewal 3,Category 3,07/25/2011 12:00:00 AM,2,4,10,8,07/19/2013 12:00:00 AM
S.K.Y. USA,"S.K.Y. USA, INC.",(808)722-7745,13573,"UMI STREET
HONOLULU, HAWAII 96819
(21.333609051500428, -157.88304952735677)",UMI STREET ,   ,HONOLULU,HAWAII,96819,"KAAHUMANU STREET
PEARL CITY, HAWAII 96782
(21.412558775792547, -157.93977761733413)",KAAHUMANU STREET ,   ,PEARL CITY,HAWAII,96782,  LISA KWAK,,13573,Open,137 New and Renewal 3,Category 3,02/26/2010 12:00:00 AM,1,2,14,57,02/26/2012 12:00:00 AM
DAIRY QUEEN/ORANGE JULIUS,"HDQ, INC.",(808)561-9066,4595,"ALA MOANA BOULEVARD
HONOLULU, HAWAII 96814
(21.28823767336588, -157.84028676965752)",ALA MOANA BOULEVARD,   ,HONOLULU,HAWAII,96814,"ALA MOANA BOULEVARD
HONOLULU, HAWAII 96814
(21.28823767336588, -157.84028676965752)",ALA MOANA BOULEVARD,   ,HONOLULU,HAWAII,96814,,,4595,Open,137 New and Renewal 3,Category 3,05/11/2011 12:00:00 AM,2,3,1,5,05/21/2013 12:00:00 AM
HAAGEN DAZ SHOPS HAWAII - ALA MOANA,"NICE CREAM, LLC",,13039,"ALA MOANA BOULEVARD
HONOLULU, HAWAII 96814
(21.28823767336588, -157.84028676965752)",ALA MOANA BOULEVARD,1160T   ,HONOLULU,HAWAII,96814,"WAIALAE AVENUE
HONOLULU, HAWAII 96826
(21.290111584893197, -157.81841860609023)",WAIALAE AVENUE ,   ,HONOLULU,HAWAII,96826, CLAYTON KIM,,13039,Open,137 New and Renewal 3,Category 3,06/02/2011 12:00:00 AM,2,3,38,1,06/05/2013 12:00:00 AM
WAIKIKI RESORT HOTEL,"JUNGSEOK ENTERPRISES CO., LTD.",(808)921-8612,1307,"KOA AVENUE
HONOLULU, HAWAII 96815
(21.275803264566793, -157.82430674068806)",KOA AVENUE ,   ,HONOLULU,HAWAII,96815,"KOA AVENUE
HONOLULU, HAWAII 96815
(21.275803264566793, -157.82430674068806)",KOA AVENUE ,   ,HONOLULU,HAWAII,96815,,,1307,Open,137 New and Renewal 1,Category 1,06/13/2011 12:00:00 AM,2,6,23,16,06/25/2013 12:00:00 AM
FORMAGGIO,"LAUGHING GRAVY RESTAURANTS, INC.",(808)479-4790,8342,"KAPIOLANI BOULEVARD
HONOLULU, HAWAII 96826
(21.28952215974417, -157.83227288054735)",KAPIOLANI BOULEVARD ,   ,HONOLULU,HAWAII,96826,"KAPIOLANI BOULEVARD BOX
HONOLULU, HAWAII 96826
(21.28952215974417, -157.83227288054735)",KAPIOLANI BOULEVARD BOX,10   ,HONOLULU,HAWAII,96826,,,8342,Open,137 New and Renewal 2,Category 2,12/13/2010 12:00:00 AM,2,7,30,3,12/08/2012 12:00:00 AM
"LITTLE SNACK SHOP, LLC, THE",GAYLE N. HIRAHARA,(808)393-7726,12156,"ALALOA STREET
KANEOHE, HAWAII 96744
(21.418112424541874, -157.80653773809848)",ALALOA STREET ,A-1,KANEOHE,HAWAII,96744,"ALALOA STREET
KANEOHE, HAWAII 96744
(21.418112424541874, -157.80653773809848)",ALALOA STREET ,A-1,KANEOHE,HAWAII,96744,,,12156,Open,137 New and Renewal 2,Category 2,"Mar 16"", ""2012",4,6,30,21,03/16/2014 12:00:00 AM
CREPE HOUSE,"CREPE HOUSE UNI HAWAII, INC.",(808)222-2411,14154,"KALAKAUA AVENUE 6
HONOLULU, HAWAII 96815
(21.289221256084204, -157.8349706280395)",KALAKAUA AVENUE 6,   ,HONOLULU,HAWAII,96815,"HONOLULU, HAWAII 96810
(21.30654000012106, -157.86044000040556)",,   ,HONOLULU,HAWAII,96810,,48,14154,Open,137 New and Renewal 3,Category 3,11/05/2010 12:00:00 AM,2,6,26,20,11/05/2012 12:00:00 AM
"KAOHU CUPCAKES, LLC","KAOHU CUPCAKES, LLC",(808)927-1394,14156,"UMI STREET
HONOLULU, HAWAII 96819
(21.333609051500428, -157.88304952735677)",UMI STREET ,   ,HONOLULU,HAWAII,96819,"IHO PLACE
AIEA, HAWAII 96701
(21.392731466877187, -157.92831303562986)",IHO PLACE ,BLDG. 4 #1501  ,AIEA,HAWAII,96701,  LISA DENIZ,,14156,Open,137 New and Renewal 3,Category 3,11/05/2010 12:00:00 AM,1,2,14,57,11/05/2012 12:00:00 AM
"LA PIZZA RINA, INC.","LA PIZZA RINA, INC.",(808)941-6634,7722,"SOUTH KING STREET
HONOLULU, HAWAII 96814
(21.30180917995799, -157.8494919318624)",SOUTH KING STREET,   ,HONOLULU,HAWAII,96814,"SOUTH KING STREET
HONOLULU, HAWAII 96814
(21.30180917995799, -157.8494919318624)",SOUTH KING STREET,   ,HONOLULU,HAWAII,96814,,,7722,Open,137 New and Renewal 2,Category 2,01/12/2012 12:00:00 AM,2,3,18,11,02/03/2014 12:00:00 AM
LULU'S MEXICAN CUISINE (GYT 236),MOHAMMAD KARODIA,(808)722-5944,9008,"KEALOHANUI STREET
WAIALUA, HAWAII 96791
(21.57385667835763, -158.12878812823212)",KEALOHANUI STREET ,   ,WAIALUA,HAWAII,96791,"FARRINGTON HIGHWAY
WAIALUA, HAWAII 96791
(21.564894934335683, -158.11952960794048)",FARRINGTON HIGHWAY ,   ,WAIALUA,HAWAII,96791,,,9008,Open,137 New and Renewal 2,Category 2,11/05/2007 12:00:00 AM,6,7,1,5,11/05/2009 12:00:00 AM
JERRY'S PIZZAMILL,JERRY COFFMAN,(808)227-6499,15080,"NAUAHI STREET
WAIALUA, HAWAII 96791
(21.573108848125848, -158.12289068146578)",NAUAHI STREET ,   ,WAIALUA,HAWAII,96791,"NAUAHI STREET
WAIALUA, HAWAII 96791
(21.573108848125848, -158.12289068146578)",NAUAHI STREET ,   ,WAIALUA,HAWAII,96791,,,15080,Open,137 New and Renewal 2,Category 2,11/18/2011 12:00:00 AM,6,7,16,0,11/18/2013 12:00:00 AM
YOGURTLAND,"MKAW HOLDINGS, LLC",(214)679-8718,13544,"KALAKAUA AVENUE
HONOLULU, HAWAII 96815
(21.289221256084204, -157.8349706280395)",KALAKAUA AVENUE ,1A,HONOLULU,HAWAII,96815,"KALAKAUA AVENUE
HONOLULU, HAWAII 96815
(21.289221256084204, -157.8349706280395)",KALAKAUA AVENUE ,1A,HONOLULU,HAWAII,96815,,,13544,Open,137 New and Renewal 3,Category 3,01/30/2012 12:00:00 AM,2,6,26,20,02/18/2014 12:00:00 AM
LITTLE CAFÉ SIAM,"GUAVA THAI, INC.",(808)282-5742,2496,"ALA MOANA BOULEVARD
HONOLULU, HAWAII 96814
(21.28823767336588, -157.84028676965752)",ALA MOANA BOULEVARD,1160C   ,HONOLULU,HAWAII,96814,"ALA MOANA BOULEVARD
HONOLULU, HAWAII 96814
(21.28823767336588, -157.84028676965752)",ALA MOANA BOULEVARD,1160C   ,HONOLULU,HAWAII,96814,,,2496,Open,137 New and Renewal 1,Category 1,01/12/2012 12:00:00 AM,2,3,38,1,12/08/2013 12:00:00 AM
LANAKILA BAPTIST ELEMENTARY SCHOOL,LANAKILA BAPTIST CHURCH,(808)677-0731,3235,"WAIPAHU STREET
WAIPAHU, HAWAII 96797
(21.398133865027006, -157.99354745002373)",WAIPAHU STREET ,   ,WAIPAHU,HAWAII,96797,"WAIPAHU STREET
WAIPAHU, HAWAII 96797
(21.398133865027006, -157.99354745002373)",WAIPAHU STREET ,   ,WAIPAHU,HAWAII,96797,,,3235,Open,137 New and Renewal 3,Category 3,02/08/2012 12:00:00 AM,9,4,59,71,02/17/2014 12:00:00 AM
"CRAB CITY, INC.","CRAB CITY, INC.",(808)626-5368,15630,"WAIALAE AVENUE
HONOLULU, HAWAII 96816
(21.27877563071388, -157.78931204861195)",WAIALAE AVENUE ,,HONOLULU,HAWAII,96816,"WAIALAE AVENUE
HONOLULU, HAWAII 96816
(21.27877563071388, -157.78931204861195)",WAIALAE AVENUE,,HONOLULU,HAWAII,96816,,,15630,Open,137 New and Renewal 1,Catetory 1,07/20/2012 12:00:00 AM,3,2,5,24,02/25/2014 12:00:00 AM
REAL A GASTROPUB,"BEER HI, LLC",(808)741-7373,15503,"AUAHI STREET
HONOLULU, HAWAII 96814
(21.29339804226976, -157.8526704107278)",AUAHI STREET,,HONOLULU,HAWAII,96814,"KANEALII AVENUE
HONOLULU, HAWAII 96813
(21.320877060178848, -157.84329349557572)",KANEALII AVENUE,,HONOLULU,HAWAII,96813,,,15503,Open,137 New and Renewal 1,Category 1,05/22/2012 12:00:00 AM,2,3,2,1,05/22/2014 12:00:00 AM
CRISPY GRINDZ (MOBILE UNIT),CHRISTIAN / CRIS JENSEN,(808)352-4876,12769,"KEALOHANUI STREET
WAIALUA, HAWAII 96791
(21.57385667835763, -158.12878812823212)",KEALOHANUI STREET ,   ,WAIALUA,HAWAII,96791,"WEHIWA PLACE
HALEIWA, HAWAII 96712
(21.67843070738348, -158.034708234526)",WEHIWA PLACE ,   ,HALEIWA,HAWAII,96712, CRIS JENSEN,,12769,Open,137 New and Renewal 3,Category 3,03/02/2011 12:00:00 AM,6,7,1,5,03/10/2013 12:00:00 AM
KAREN'S KATERING,TOKAI UNIVERSITY PACIFIC CENTER,(808)597-8195,8981,"KAPIOLANI BOULEVARD
HONOLULU, HAWAII 96826
(21.28952215974417, -157.83227288054735)",KAPIOLANI BOULEVARD ,   ,HONOLULU,HAWAII,96826,"KAPIOLANI BOULEVARD
HONOLULU, HAWAII 96826
(21.28952215974417, -157.83227288054735)",KAPIOLANI BOULEVARD ,   ,HONOLULU,HAWAII,96826," KARENS KATERING, LLC",,8981,Open,137 New and Renewal 1,Category 1,10/06/2011 12:00:00 AM,2,7,4,4,10/24/2013 12:00:00 AM
VENDING STAND #42 (DOLLY'S PLACE),MARY DOLORES RUPARD,(808)538-0788,11700,"PUNCHBOWL STREET
HONOLULU, HAWAII 96813
(21.30202760178142, -157.86307444145513)",PUNCHBOWL STREET ,   ,HONOLULU,HAWAII,96813,"PUNCHBOWL STREET
HONOLULU, HAWAII 96813
(21.30202760178142, -157.86307444145513)",PUNCHBOWL STREET ,   ,HONOLULU,HAWAII,96813, MARY DOLORES RUPARD,,11700,Open,137 New and Renewal 3,Category 3,09/16/2011 12:00:00 AM,2,1,26,1,09/27/2013 12:00:00 AM
ABC STORE #70,"MNS, LTD.",(808)591-2550,12116,"LILIUOKALANI AVENUE
HONOLULU, HAWAII 96815
(21.27447794108175, -157.82427912789927)",LILIUOKALANI AVENUE ,   ,HONOLULU,HAWAII,96815,"POHUKAINA STREET
HONOLULU, HAWAII 96813
(21.30264640915768, -157.86229203733774)",POHUKAINA STREET ,   ,HONOLULU,HAWAII,96813,,,12116,Open,137 New and Renewal 2,Category 2,03/08/2010 12:00:00 AM,2,6,23,54,"January 09"", ""2014"
CULINARY FLIGHT HAWAII / KIEKI GOURMET / NAUPAKA CATERERS,"CULINARY FLIGHT HAWAII, LLC",(808)234-6546,10313,"KANEOHE BAY DRIVE
KANEOHE, HAWAII 96744
(21.4103869130918, -157.77225640632628)",KANEOHE BAY DRIVE,   ,KANEOHE,HAWAII,96744,"KANEOHE BAY DRIVE
KANEOHE, HAWAII 96744
(21.4103869130918, -157.77225640632628)",KANEOHE BAY DRIVE,   ,KANEOHE,HAWAII,96744,,,10313,Open,137 New and Renewal 1,Category 1,08/25/2011 12:00:00 AM,4,4,22,32,09/12/2013 12:00:00 AM
SHABRI OF HAWAII,"SHABRI OF HAWAII, INC.",(808)685-6614,11886,"UMI STREET
HONOLULU, HAWAII 96819
(21.333609051500428, -157.88304952735677)",UMI STREET ,   ,HONOLULU,HAWAII,96819,"HOOKAAHEA STREET
EWA BEACH, HAWAII 96706
(21.333820857857376, -158.01476395066564)",HOOKAAHEA STREET ,   ,EWA BEACH,HAWAII,96706,SHARON LUM,,11886,Open,137 New and Renewal 2,Category 2,02/01/2012 12:00:00 AM,1,2,14,57,01/31/2014 12:00:00 AM
"CADILLAC DOGS, L.L.L.P.",STARR AND ANTHONY COLLINS,(808)688-6958,13790,"KAMEHAMEHA HIGHWAY
AIEA, HAWAII 96701
(21.3864238873908, -157.95247197888085)",KAMEHAMEHA HIGHWAY ,   ,AIEA,HAWAII,96701,"EHU STREET
WAIANAE, HAWAII 96792
(21.405435084861647, -158.17590927842278)",EHU STREET,   ,WAIANAE,HAWAII,96792,  STARR AND ANTHONY COLLINS,,13790,Open,137 New and Renewal 3,Category 3,06/14/2010 12:00:00 AM,9,8,21,42,"June 14"", ""2014"
RESTAURANT KUNIO,"KJT RESTAURANT & BAR, INC.",(808)391-9058,2208,"LUMIAINA STREET
WAIPAHU, HAWAII 96797
(21.403765538181855, -157.9998117579025)",LUMIAINA STREET ,2F & 2G  ,WAIPAHU,HAWAII,96797,"HOPOE PLACE
WAIPAHU, HAWAII 96797
(21.40661230864574, -158.00621311555818)",HOPOE PLACE ,   ,WAIPAHU,HAWAII,96797,,,2208,Open,137 New and Renewal 1,Category 1,10/27/2011 12:00:00 AM,9,4,7,54,11/10/2013 12:00:00 AM
MOMO BURGER HI,"MOMO BURGER HI, LLC",(808)772-1074,14922,"UMI STREET
HONOLULU, HAWAII 96819
(21.333609051500428, -157.88304952735677)",UMI STREET ,   ,HONOLULU,HAWAII,96819,"SAINT LOUIS DRIVE
HONOLULU, HAWAII 96816
(21.290245822770476, -157.8101481402371)",SAINT LOUIS DRIVE,   ,HONOLULU,HAWAII,96816,  COLIN SATO,,14922,Open,137 New and Renewal 3,Category 3,09/09/2011 12:00:00 AM,1,2,14,57,09/09/2013 12:00:00 AM
S & P KITCHEN,SOMNITH SOMBATPHIBANE,(808)847-7176,14685,"MIDDLE STREET
HONOLULU, HAWAII 96819
(21.337888685779333, -157.88363708581267)",MIDDLE STREET ,   ,HONOLULU,HAWAII,96819,"MIDDLE STREET
HONOLULU, HAWAII 96819
(21.337888685779333, -157.88363708581267)",MIDDLE STREET ,   ,HONOLULU,HAWAII,96819,,,14685,Open,137 New and Renewal 3,Category 3,06/09/2011 12:00:00 AM,1,3,10,20,06/09/2013 12:00:00 AM
SUSHI 2 GO,"TS HAWAII, LLC",(808)389-1761,14017,"LEWERS STREET
HONOLULU, HAWAII 96815
(21.278415033597035, -157.8316687037746)",LEWERS STREET ,R216,HONOLULU,HAWAII,96815,"SOUTH KING STREET
HONOLULU, HAWAII 96814
(21.30180917995799, -157.8494919318624)",SOUTH KING STREET,,HONOLULU,HAWAII,96814,KATSU KAJIMA,,14017,Open,137 New and Renewal 2,Category 2,09/13/2010 12:00:00 AM,2,6,2,15,"September 13"", ""2014"
MANA BU'S,"MORNING HILL FOODS, LLC",(808)358-0287,10823,"SOUTH KING STREET
HONOLULU, HAWAII 96826
(21.28996578888771, -157.8182999635788)",SOUTH KING STREET,   ,HONOLULU,HAWAII,96826,"SOUTH KUKUI STREET
HONOLULU, HAWAII 96813
(21.31076700506627, -157.85700996315813)",SOUTH KUKUI STREET,1803,HONOLULU,HAWAII,96813,  MANABU ASAOKA,,10823,Open,137 New and Renewal 2,Category 2,04/20/2010 12:00:00 AM,2,8,1,19,"May 12"", ""2014"
POLYNESIAN CULTURAL CENTER ALII LUAU,POLYNESIAN CULTURAL CENTER,(808)293-3132,3737,"KAMEHAMEHA HIGHWAY
LAIE, HAWAII 96762
(21.62715530732973, -157.92210732696174)",KAMEHAMEHA HIGHWAY ,   ,LAIE,HAWAII,96762,"KAMEHAMEHA HIGHWAY
LAIE, HAWAII 96762
(21.62715530732973, -157.92210732696174)",KAMEHAMEHA HIGHWAY ,   ,LAIE,HAWAII,96762,,,3737,Open,137 New and Renewal 3,Category 3,04/15/2010 12:00:00 AM,5,5,6,28,"April 21"", ""2014"
SUPER 7 MINI MART,YOUNG MI KIM,(808)528-7272,12243,"SMITH STREET
HONOLULU, HAWAII 96817
(21.310744721333133, -157.8644948224917)",SMITH STREET ,E,HONOLULU,HAWAII,96817,"SMITH STREET
HONOLULU, HAWAII 96817
(21.310744721333133, -157.8644948224917)",SMITH STREET ,E,HONOLULU,HAWAII,96817,,,12243,Open,137 New and Renewal 2,Category 2,04/21/2010 12:00:00 AM,1,7,2,4,"April 20"", ""2014"
COFFEE BEAN & TEA LEAF,"COFFEE PACIFIC, LLC",(808)732-0791,9070,"HEKILI STREET
KAILUA, HAWAII 96734
(21.392065706450488, -157.74400338137391)",HEKILI STREET ,   ,KAILUA,HAWAII,96734,"HARDING AVENUE
HONOLULU, HAWAII 96816
(21.287452571941955, -157.8126525404355)",HARDING AVENUE ,   ,HONOLULU,HAWAII,96816,  SHARON,,9070,Open,137 New and Renewal 3,Category 3,12/06/2011 12:00:00 AM,4,2,38,23,12/14/2013 12:00:00 AM
"KUAN'S ENTERPRISES, INC.",KUAN CHAK-KUAN,(808)847-2948,11238,"SILVA STREET
HONOLULU, HAWAII 96819
(21.320857115411318, -157.88310550498798)",SILVA STREET ,   ,HONOLULU,HAWAII,96819,"SILVA STREET
HONOLULU, HAWAII 96819
(21.320857115411318, -157.88310550498798)",SILVA STREET ,   ,HONOLULU,HAWAII,96819, KUAN CHAK-KUAN,,11238,Open,137 New and Renewal 3,Category 3,11/03/2010 12:00:00 AM,1,2,6,38,11/08/2012 12:00:00 AM
HAWAII MEDICAL CENTER EAST,"HAWAII MEDICAL CENTER EAST, LLC",(808)547-6288,9822,"LILIHA STREET
HONOLULU, HAWAII 96817
(21.329776182995488, -157.84935078728802)",LILIHA STREET ,   ,HONOLULU,HAWAII,96817,"LILIHA STREET
HONOLULU, HAWAII 96817
(21.329776182995488, -157.84935078728802)",LILIHA STREET ,   ,HONOLULU,HAWAII,96817,,,9822,Open,137 New and Renewal 1,Category 1,01/18/2011 12:00:00 AM,9,1,17,56,01/08/2013 12:00:00 AM
ABC STORE #27,"MNS, LTD.",(808)591-2550,12114,"KUHIO AVENUE
HONOLULU, HAWAII 96815
(21.278845579283345, -157.82537959046584)",KUHIO AVENUE ,   ,HONOLULU,HAWAII,96815,"POHUKAINA STREET
HONOLULU, HAWAII 96813
(21.30264640915768, -157.86229203733774)",POHUKAINA STREET ,   ,HONOLULU,HAWAII,96813,,,12114,Open,137 New and Renewal 2,Category 2,03/08/2010 12:00:00 AM,2,6,24,3,01/09/2014 12:00:00 AM
LUCKY BELLY,"GOLDEN ROOSTER, LLC",(808)265-8188,15600,"NORTH HOTEL STREET
HONOLULU, HAWAII 96817
(21.324720000327943, -157.859919999808)",NORTH HOTEL STREET,,HONOLULU,HAWAII,96817,"AOLOA STREET
HONOLULU, HAWAII 96817
(21.324720000327943, -157.859919999808)",AOLOA STREET,A115,HONOLULU,HAWAII,96817,,,15600,Open,137 New and Renewal 1,Category 1,07/06/2012 12:00:00 AM,1,7,3,59,04/23/2013 12:00:00 AM
FENG CHENG,MING YU YOU,(808)542-6386,11150,"BETHEL STREET
HONOLULU, HAWAII 96813
(21.30952973927071, -157.86396490784685)",BETHEL STREET ,   ,HONOLULU,HAWAII,96813,"BETHEL STREET
HONOLULU, HAWAII 96813
(21.30952973927071, -157.86396490784685)",BETHEL STREET ,   ,HONOLULU,HAWAII,96813,,,11150,Open,137 New and Renewal 1,Category 1,10/25/2010 12:00:00 AM,2,1,2,7,09/29/2012 12:00:00 AM
POHAI NANI,POHAI NANI GOOD SAMARITAN,(808)236-7826,2056,"NAMOKU STREET
KANEOHE, HAWAII 96744
(21.406254528367157, -157.78388464016513)",NAMOKU STREET ,   ,KANEOHE,HAWAII,96744,"NAMOKU STREET
KANEOHE, HAWAII 96744
(21.406254528367157, -157.78388464016513)",NAMOKU STREET ,   ,KANEOHE,HAWAII,96744,,,2056,Open,137 New and Renewal 1,Category 1,10/11/2011 12:00:00 AM,4,5,33,3,10/22/2013 12:00:00 AM
"SHIMAYA SHOTEN, LTD.","SHIMAYA SHOTEN, LTD.",(808)845-6691,11828,"KOHOU STREET
HONOLULU, HAWAII 96817
(21.321298949632606, -157.87609522510246)",KOHOU STREET ,   ,HONOLULU,HAWAII,96817,"KOHOU STREET
HONOLULU, HAWAII 96817
(21.321298949632606, -157.87609522510246)",KOHOU STREET ,   ,HONOLULU,HAWAII,96817,,,11828,Open,137 New and Renewal 3,Category 3,09/29/2011 12:00:00 AM,1,5,19,7,10/10/2013 12:00:00 AM
BOB'S BIG BOY RESTAURANT,HOSPITALITY HAWAII CORP.,(808)833-3440,2352,"PAA STREET
HONOLULU, HAWAII 96819
(21.345043654556008, -157.8946403508128)",PAA STREET ,   ,HONOLULU,HAWAII,96819,"PAA STREET
HONOLULU, HAWAII 96819
(21.345043654556008, -157.8946403508128)",PAA STREET ,   ,HONOLULU,HAWAII,96819,,,2352,Open,137 New and Renewal 1,Category 1,11/13/2009 12:00:00 AM,1,1,7,39,11/18/2011 12:00:00 AM
LEILANI CANDY STORE,LYNN & YOLANDA DUMLAO,(808)454-1189,14954,"LEILANI STREET
HONOLULU, HAWAII 96819
(21.335937978057135, -157.87228349039458)",LEILANI STREET ,   ,HONOLULU,HAWAII,96819,"HOOHUALI PLACE
PEARL CITY, HAWAII 96782
(21.39462011694078, -157.9612071150707)",HOOHUALI PLACE ,   ,PEARL CITY,HAWAII,96782,  LYNN & YOLANDA DUMLAO,,14954,Open,137 New and Renewal 2,Category 2,09/26/2011 12:00:00 AM,1,3,6,3,09/26/2013 12:00:00 AM
BYRON'S DRIVE IN,"PACIFIC FOOD SERVICES, INC.",(808)836-0541,649,"NORTH NIMITZ HIGHWAY
HONOLULU, HAWAII 96819
(21.337267535499564, -157.91434479034552)",NORTH NIMITZ HIGHWAY,   ,HONOLULU,HAWAII,96819,"NORTH NIMITZ HIGHWAY
HONOLULU, HAWAII 96819
(21.337267535499564, -157.91434479034552)",NORTH NIMITZ HIGHWAY,   ,HONOLULU,HAWAII,96819," PACIFIC FOOD SERVICES, INC.",,649,Open,137 New and Renewal 1,Category 1,03/31/2011 12:00:00 AM,1,1,14,72,04/14/2013 12:00:00 AM
K F C HAWAII,KAZI FOODS,(808)550-4100,7300,"KAIULANI AVENUE
HONOLULU, HAWAII 96815
(21.27659698372846, -157.82609472428373)",KAIULANI AVENUE ,7 & 8  ,HONOLULU,HAWAII,96815,"NORTH NIMITZ HIGHWAY
HONOLULU, HAWAII 96817
(21.312482220372033, -157.86522831771532)",NORTH NIMITZ HIGHWAY,214,HONOLULU,HAWAII,96817,,,7300,Open,137 New and Renewal 1,Category 1,06/06/2011 12:00:00 AM,2,6,23,29,05/27/2013 12:00:00 AM
MIKILUA GROCERY,"YOD, INC.",(808)668-1851,12124,"PAAKEA ROAD
WAIANAE, HAWAII 96792
(21.40627251480774, -158.14246681629777)",PAAKEA ROAD ,   ,WAIANAE,HAWAII,96792,"PAAKEA ROAD
WAIANAE, HAWAII 96792
(21.40627251480774, -158.14246681629777)",PAAKEA ROAD ,   ,WAIANAE,HAWAII,96792,,,12124,Open,137 New and Renewal 3,Category 3,02/15/2012 12:00:00 AM,8,7,18,48,02/23/2014 12:00:00 AM
"COLE ACADEMY, THE",REGINA MANGIERI,,15000,"ALA KAHAWAI STREET
KAPOLEI, HAWAII 96707
(21.342720000327915, -158.08328999973355)",ALA KAHAWAI STREET,   ,KAPOLEI,HAWAII,96707,"MERCHANT STREET
HONOLULU, HAWAII 96813
(21.310211008331983, -157.86353720202447)",MERCHANT STREET ,   ,HONOLULU,HAWAII,96813,  REGINA MANGIERI,,15000,Open,137 New and Renewal 3,Category 3,10/20/2011 12:00:00 AM,9,1,88,22,10/20/2013 12:00:00 AM
DAPHNE'S MARKET,MAGDALENA APOSTAL,(808)548-0277,12442,"KEKAULIKE STREET
HONOLULU, HAWAII 96817
(21.312201176488244, -157.8649726608735)",KEKAULIKE STREET ,115,HONOLULU,HAWAII,96817,"MANUWA DRIVE
HONOLULU, HAWAII 96818
(21.356565850370405, -157.9231797043253)",MANUWA DRIVE ,   ,HONOLULU,HAWAII,96818,MAGDALENA APOSTAL,,12442,Open,137 New and Renewal 3,Category 3,08/23/2010 12:00:00 AM,1,7,3,,08/29/2012 12:00:00 AM
MODERN KAPPO MIYABI,"MACUORE, INC.",(808)721-7733,12532,"KAPAHULU AVENUE
HONOLULU, HAWAII 96816
(21.287804823888052, -157.81283381628828)",KAPAHULU AVENUE ,   ,HONOLULU,HAWAII,96816,"OLOHANA STREET
HONOLULU, HAWAII 96815
(21.282952979046026, -157.83134662952895)",OLOHANA STREET ,903,HONOLULU,HAWAII,96815,,,12532,Open,137 New and Renewal 1,Category 1,11/18/2010 12:00:00 AM,2,7,32,6,12/01/2012 12:00:00 AM
"LAMB OF GOD CHURCH & BIBLE SCHOOL, THE",THE LAMB OF GOD CHURCH & BIBLE SCHOOL,(808)941-1811,4080,"ISENBERG STREET
HONOLULU, HAWAII 96826
(21.29352005939331, -157.82545038821954)",ISENBERG STREET ,   ,HONOLULU,HAWAII,96826,"ISENBERG STREET
HONOLULU, HAWAII 96826
(21.29352005939331, -157.82545038821954)",ISENBERG STREET ,   ,HONOLULU,HAWAII,96826,,,4080,Open,137 New and Renewal 3,Category 3,06/07/2010 12:00:00 AM,2,7,5,67,"June 10"", ""2014"
TASTY ASIAN STYLE TACO EATERY,LEROY GUO,(808)429-0818,13869,"SHERIDAN STREET
HONOLULU, HAWAII 96814
(21.297800788243734, -157.8442336449413)",SHERIDAN STREET ,   ,HONOLULU,HAWAII,96814,"10TH AVENUE
HONOLULU, HAWAII 96814
(21.29173036454597, -157.79618736552595)",10TH AVENUE ,   ,HONOLULU,HAWAII,96814,  LEROY GUO,,13869,Open,137 New and Renewal 2,Category 2,07/14/2010 12:00:00 AM,2,3,18,4,07/14/2012 12:00:00 AM
HALEIWA BOWLS,"HALEIWA BOWLS, LLC",(808)343-3626,14713,"FARRINGTON HIGHWAY
WAIALUA, HAWAII 96791
(21.564894934335683, -158.11952960794048)",FARRINGTON HIGHWAY ,   ,WAIALUA,HAWAII,96791,"IWIA PLACE
HALEIWA, HAWAII 96712
(21.68067460071971, -158.03292217632062)",IWIA PLACE ,   ,HALEIWA,HAWAII,96712,,,14713,Open,137 New and Renewal 3,Category 3,06/29/2011 12:00:00 AM,6,6,27,,06/29/2013 12:00:00 AM
"S. K. Y. USA, INC.","S. K. Y. USA, INC.",(808)722-7745,15606,"WAIHONA STREET
PEARL CITY, HAWAII 96782
(21.3985113656949, -157.9842266086323)",WAIHONA STREET,,PEARL CITY,HAWAII,96782,"KAAHUMANU STREET
PEARL CITY, HAWAII 96782
(21.412558775792547, -157.93977761733413)",KAAHUMANU STREET ,F,PEARL CITY,HAWAII,96782,"S. K. Y. USA, INC.",,15606,Open,137 New and Renewal 2,Category 2,07/10/2012 12:00:00 AM,9,6,7,1,07/20/2014 12:00:00 AM
CHRIS PEANUT & SEEDS,HONG SL CORP.,(808)258-8282,10768,"SOUTH KING STREET
HONOLULU, HAWAII 96826
(21.28996578888771, -157.8182999635788)",SOUTH KING STREET,   ,HONOLULU,HAWAII,96826,"SOUTH KING STREET
HONOLULU, HAWAII 96826
(21.28996578888771, -157.8182999635788)",SOUTH KING STREET,   ,HONOLULU,HAWAII,96826, STEPHEN HONG,,10768,Open,137 New and Renewal 3,Category 3,04/06/2010 12:00:00 AM,2,3,28,17,"April 17"", ""2014"
C & S LOGISTICS OF HAWAII @ UNICOLD,"C & S LOGISTICS OF HAWAII, LLC",(603)354-5376,12361,"UALENA STREET
HONOLULU, HAWAII 96819
(21.334680799305776, -157.91505130387546)",UALENA STREET ,41068,HONOLULU,HAWAII,96819,"CORPORATE DRIVE
KEENE, NEW HAMPSHIRE 03431
(42.956769249409724, -72.33074535118898)",CORPORATE DRIVE ,   ,KEENE,NEW HAMPSHIRE,3431,LEGAL DEPARTMENT,,12361,Open,137 New and Renewal 3,Category 3,07/27/2010 12:00:00 AM,1,1,14,36,"July 26"", ""2014"
BAKERY MANOA,SHINO INTERNATIONAL CORP.,(808)988-5522,11602,"WOODLAWN DRIVE
HONOLULU, HAWAII 96822
(21.30718330212897, -157.81032287478018)",WOODLAWN DRIVE ,5-108,HONOLULU,HAWAII,96822,"WOODLAWN DRIVE
HONOLULU, HAWAII 96822
(21.30718330212897, -157.81032287478018)",WOODLAWN DRIVE ,5-108,HONOLULU,HAWAII,96822,,,11602,Open,137 New and Renewal 2,Category 2,06/02/2011 12:00:00 AM,2,9,22,1,06/09/2013 12:00:00 AM
PRETZELMAKER,"DECHTRAM, LLC",,14251,"ALA MOANA BOULEVARD
HONOLULU, HAWAII 96814
(21.28823767336588, -157.84028676965752)",ALA MOANA BOULEVARD,SPACE 1080  ,HONOLULU,HAWAII,96814,"KOA KAHIKO STREET
KANEOHE, HAWAII 96744
(21.396883396829878, -157.79255361947006)",KOA KAHIKO STREET,   ,KANEOHE,HAWAII,96744,,,14251,Open,137 New and Renewal 2,Category 2,12/01/2010 12:00:00 AM,2,3,38,1,12/01/2012 12:00:00 AM
OKONOMIYAKI CHIBO RESTAURANT,CHIBO INTERNATIONAL CORP.,(808)225-1149,1935,"KALAKAUA AVENUE
HONOLULU, HAWAII 96815
(21.289221256084204, -157.8349706280395)",KALAKAUA AVENUE ,A-305,HONOLULU,HAWAII,96815,"KALAKAUA AVENUE
HONOLULU, HAWAII 96815
(21.289221256084204, -157.8349706280395)",KALAKAUA AVENUE ,A-305,HONOLULU,HAWAII,96815,,,1935,Open,137 New and Renewal 2,Category 2,09/26/2011 12:00:00 AM,2,6,2,18,10/13/2013 12:00:00 AM
PHO NINA,"PHO NINA, INC.",,15242,"SOUTH KING STREET
HONOLULU, HAWAII 96826
(21.28996578888771, -157.8182999635788)",SOUTH KING STREET,   ,HONOLULU,HAWAII,96826,"SOUTH KING STREET
HONOLULU, HAWAII 96826
(21.28996578888771, -157.8182999635788)",SOUTH KING STREET,   ,HONOLULU,HAWAII,96826,,,15242,Open,137 New and Renewal 1,Category 1,02/01/2012 12:00:00 AM,2,7,17,27,02/01/2014 12:00:00 AM
CAKE WORKS,"CAKES BY ABI, LTD.",(808)946-4333,13129,"SOUTH KING STREET
HONOLULU, HAWAII 96826
(21.28996578888771, -157.8182999635788)",SOUTH KING STREET,   ,HONOLULU,HAWAII,96826,"SOUTH KING STREET
HONOLULU, HAWAII 96826
(21.28996578888771, -157.8182999635788)",SOUTH KING STREET,   ,HONOLULU,HAWAII,96826,,,13129,Open,137 New and Renewal 2,Category 2,07/25/2011 12:00:00 AM,2,7,28,16,08/18/2013 12:00:00 AM
"BARNES & NOBLE BOOKSELLERS, INC.","BARNES & NOBLE, INC.",(516)338-7007,2618,"WAIALAE AVENUE
HONOLULU, HAWAII 96816
(21.27877563071388, -157.78931204861195)",WAIALAE AVENUE ,   ,HONOLULU,HAWAII,96816,"OLD COUNTRY ROAD
WESTBURY, NEW YORK 11590
(40.74928642268503, -73.58082169104108)",OLD COUNTRY ROAD,   ,WESTBURY,NEW YORK,11590,"EXPENSE, STORE #2649",,2618,Open,137 New and Renewal 3,Category 3,12/16/2011 12:00:00 AM,3,5,16,1,12/26/2013 12:00:00 AM
FOOD PANTRY #1003 EATON SQUARE,"FOOD PANTRY, LTD.",(808)732-5515,14691,"HOBRON LANE
HONOLULU, HAWAII 96815
(21.285282225595864, -157.83924240767868)",HOBRON LANE ,   ,HONOLULU,HAWAII,96815,"HARDING AVENUE
HONOLULU, HAWAII 96816
(21.287452571941955, -157.8126525404355)",HARDING AVENUE ,500,HONOLULU,HAWAII,96816,,,14691,Open,137 New and Renewal 1,Category 1,06/20/2011 12:00:00 AM,2,6,13,,06/20/2013 12:00:00 AM
YAKINIKU JANG SU,K & Y LEE CORPORATION,(808)398-0745,15531,"KAMEHAMEHA HIGHWAY
AIEA, HAWAII 96701
(21.3864238873908, -157.95247197888085)",KAMEHAMEHA HIGHWAY,C3,AIEA,HAWAII,96701,"KAMEHAMEHA HIGHWAY
AIEA, HAWAII 96701
(21.3864238873908, -157.95247197888085)",KAMEHAMEHA HIGHWAY ,C3,AIEA,HAWAII,96701,,,15531,Open,137 New and Renewal 1,Category 1,06/06/2012 12:00:00 AM,9,8,14,3,10/21/2013 12:00:00 AM
LULLILOO'S,"LULLILOO'S, LLC",(808)753-7766,15425,"UMI STREET
HONOLULU, HAWAII 96819
(21.333609051500428, -157.88304952735677)",UMI STREET,C,HONOLULU,HAWAII,96819,"KAMAEHU WAY
EWA BEACH, HAWAII 96706
(21.33371617821508, -158.02121838659642)",KAMAEHU WAY,,EWA BEACH,HAWAII,96706,MAYLENA MUNDON,,15425,Open,137 New and Renewal 1,Category 1,04/19/2012 12:00:00 AM,1,2,14,57,04/19/2014 12:00:00 AM
BIG LOCAL TITA,BIG LOCAL TITA SERVICES,(808)853-9015,14166,"KUKILA STREET
HONOLULU, HAWAII 96818
(21.36145601187042, -157.9246539236902)",KUKILA STREET ,   ,HONOLULU,HAWAII,96818,"KAPOLEI, HAWAII 96707
(21.342720000327915, -158.08328999973355)",,   ,KAPOLEI,HAWAII,96707,  DONNA BROOKS,75570,14166,Open,137 New and Renewal 3,Category 3,11/08/2010 12:00:00 AM,9,9,46,70,"March 28"", ""2014"
RUBY TUESDAY (WINDWARD MALL),RT RESTAURANTS HAWAII,(808)682-0990,9378,"KAMEHAMEHA HIGHWAY
KANEOHE, HAWAII 96744
(21.40322830973858, -157.7994698909329)",KAMEHAMEHA HIGHWAY ,   ,KANEOHE,HAWAII,96744,"LAUWILIWILI STREET
KAPOLEI, HAWAII 96707
(21.325365008441793, -158.09212276909756)",LAUWILIWILI STREET,105F,KAPOLEI,HAWAII,96707,,,9378,Open,137 New and Renewal 1,Category 1,06/09/2010 12:00:00 AM,4,6,11,1,"June 01"", ""2014"
WAIPAHU HONGWANJI MISSION ADULT DAY CARE CENTER,WAIPAHU HONGWANJI MISSION,(808)678-1770,5717,"KUHAULUA STREET
WAIPAHU, HAWAII 96797
(21.394162223541613, -158.01094877507018)",KUHAULUA STREET ,   ,WAIPAHU,HAWAII,96797,"KUHAULUA STREET
WAIPAHU, HAWAII 96797
(21.394162223541613, -158.01094877507018)",KUHAULUA STREET ,   ,WAIPAHU,HAWAII,96797,,,5717,Open,137 New and Renewal 3,Category 3,09/29/2010 12:00:00 AM,9,4,160,32,10/19/2012 12:00:00 AM
LILIHA LANAI COFFEE CART,"SODEXO MANAGEMENT, INC.",(808)547-6315,14187,"LILIHA STREET
HONOLULU, HAWAII 96817
(21.329776182995488, -157.84935078728802)",LILIHA STREET ,   ,HONOLULU,HAWAII,96817,"LILIHA STREET
HONOLULU, HAWAII 96817
(21.329776182995488, -157.84935078728802)",LILIHA STREET ,   ,HONOLULU,HAWAII,96817,  FOOD SERVICE DIRECTOR,,14187,Open,137 New and Renewal 3,Category 3,11/16/2010 12:00:00 AM,1,8,18,3,11/16/2012 12:00:00 AM
WAIKANE STORE,NADINE TOKUZATO,(808)239-8522,11814,"KAMEHAMEHA HIGHWAY
KANEOHE, HAWAII 96744
(21.40322830973858, -157.7994698909329)",KAMEHAMEHA HIGHWAY ,   ,KANEOHE,HAWAII,96744,"KAMEHAMEHA HIGHWAY
KANEOHE, HAWAII 96744
(21.40322830973858, -157.7994698909329)",KAMEHAMEHA HIGHWAY ,   ,KANEOHE,HAWAII,96744,,,11814,Open,137 New and Renewal 2,Category 2,09/29/2011 12:00:00 AM,4,8,3,16,10/18/2013 12:00:00 AM
PEPPER'S PLACE,JOHN F. DEE,(808)262-3337,6457,"KAILUA ROAD
KAILUA, HAWAII 96734
(21.394158007519984, -157.74376845100133)",KAILUA ROAD ,125,KAILUA,HAWAII,96734,"AALAPAPA DRIVE
KAILUA, HAWAII 96734
(21.394419437850704, -157.7198271547697)",AALAPAPA DRIVE ,   ,KAILUA,HAWAII,96734,,,6457,Open,137 New and Renewal 3,Category 3,01/12/2012 12:00:00 AM,4,3,56,5,01/15/2014 12:00:00 AM
"DIAMOND HEAD SEAFOOD WHOLESALE, INC.","DIAMOND HEAD SEAFOOD WHOLESALE, INC.",(808)832-9500,12193,"ROBELLO LANE
HONOLULU, HAWAII 96817
(21.31999239396589, -157.8676327344972)",ROBELLO LANE ,   ,HONOLULU,HAWAII,96817,"ROBELLO LANE
HONOLULU, HAWAII 96817
(21.31999239396589, -157.8676327344972)",ROBELLO LANE ,   ,HONOLULU,HAWAII,96817,,,12193,Open,137 New and Renewal 3,Category 3,"Mar 06"", ""2012",1,5,5,21,03/06/2014 12:00:00 AM
"FC SAUCES, LLC","FC SAUCES, LLC",(808)227-9935,14933,"KAMEHAMEHA HIGHWAY
KANEOHE, HAWAII 96744
(21.40322830973858, -157.7994698909329)",KAMEHAMEHA HIGHWAY ,   ,KANEOHE,HAWAII,96744,"KANEOHE, HAWAII 96744
(21.421729999839783, -157.80878999995838)",,   ,KANEOHE,HAWAII,96744,  JONAH SOUZA,4660,14933,Open,137 New and Renewal 2,Category 2,09/16/2011 12:00:00 AM,4,5,19,9,09/16/2013 12:00:00 AM
"AVALON CARE CENTER HALE NANI, LLC",AVALON HEALTH CARE,(808)537-3371,8707,"PENSACOLA STREET
HONOLULU, HAWAII 96822
(21.307165714078398, -157.84147858668214)",PENSACOLA STREET ,   ,HONOLULU,HAWAII,96822,"PENSACOLA STREET
HONOLULU, HAWAII 96822
(21.307165714078398, -157.84147858668214)",PENSACOLA STREET ,   ,HONOLULU,HAWAII,96822,,,8707,Open,137 New and Renewal 1,Category 1,05/31/2011 12:00:00 AM,2,4,30,37,06/08/2013 12:00:00 AM
ACE SUSHI @ FOODLAND #37,ASIANA CUISINE ENTERPRISE,(310)327-2223,12288,"HEKILI STREET
KAILUA, HAWAII 96734
(21.392065706450488, -157.74400338137391)",HEKILI STREET ,   ,KAILUA,HAWAII,96734,"W. 178TH STREET
GARDENA, CALIFORNIA 90248
(33.86922108837183, -118.30921885386664)",W. 178TH STREET,303,GARDENA,CALIFORNIA,90248,DEBBIE THU,,12288,Open,137 New and Renewal 2,Category 2,09/03/2010 12:00:00 AM,4,2,38,23,"June 28"", ""2014"
WAIALUA ELEMENTARY SCHOOL,DEPARTMENT OF EDUCATION,(808)637-8201,278,"WAIALUA BEACH ROAD
WAIALUA, HAWAII 96791
(21.575894221580672, -158.10673258942876)",WAIALUA BEACH ROAD,   ,WAIALUA,HAWAII,96791,"WAIALUA BEACH ROAD
WAIALUA, HAWAII 96791
(21.575894221580672, -158.10673258942876)",WAIALUA BEACH ROAD,   ,WAIALUA,HAWAII,96791,,,278,Open,137 New and Renewal 1,Category 1,05/19/2011 12:00:00 AM,6,7,1,10,05/10/2013 12:00:00 AM
NANDING'S BAKERY & KITCHENETTE,FERNANDO & CARMELITA PAEZ,(808)358-7405,11669,"FARRINGTON HIGHWAY
WAIPAHU, HAWAII 96797
(21.39596077521469, -157.98406389742595)",FARRINGTON HIGHWAY ,   ,WAIPAHU,HAWAII,96797,"FARRINGTON HIGHWAY
WAIPAHU, HAWAII 96797
(21.39596077521469, -157.98406389742595)",FARRINGTON HIGHWAY ,   ,WAIPAHU,HAWAII,96797,,,11669,Open,137 New and Renewal 2,Category 2,09/12/2011 12:00:00 AM,9,4,47,2,09/10/2013 12:00:00 AM
"PAVARAGA INT'L., INC.","PAVARAGA INT'L., INC.",(858)880-8413,14329,"AUAHI STREET
HONOLULU, HAWAII 96814
(21.29339804226976, -157.8526704107278)",AUAHI STREET ,"BLDG. 4, 4020  ",HONOLULU,HAWAII,96814,"KEAUNUI DRIVE
EWA BEACH, HAWAII 96706
(21.32838642807543, -158.0212046309841)",KEAUNUI DRIVE ,113,EWA BEACH,HAWAII,96706,  LEO JAVAR,,14329,Open,137 New and Renewal 3,Category 3,01/04/2011 12:00:00 AM,2,3,2,1,01/04/2013 12:00:00 AM
SPECIAL EDUCATION CENTER OF HAWAII (SECOH),NON-PROFIT CORPORATION,(808)734-0233,11066,"KILANI AVENUE
WAHIAWA, HAWAII 96786
(21.50106377731848, -158.02173604599275)",KILANI AVENUE ,2,WAHIAWA,HAWAII,96786,"PALEKAUA STREET
HONOLULU, HAWAII 96816
(21.26353461544923, -157.7946768763625)",PALEKAUA STREET ,   ,HONOLULU,HAWAII,96816,SANDRA YORO,,11066,Open,137 New and Renewal 3,Category 3,08/02/2010 12:00:00 AM,7,4,5,34,"August 14"", ""2014"
THELMA'S RESTAURANT (LUNCHWAGON),THELMA N. TORRES,(808)368-5305,10941,"PUPUPANI STREET
WAIPAHU, HAWAII 96797
(21.38112731818697, -158.01745748370007)",PUPUPANI STREET ,116,WAIPAHU,HAWAII,96797,"AKAHOLO STREET
EWA BEACH, HAWAII 96706
(21.319778019043827, -158.0105102733424)",AKAHOLO STREET ,   ,EWA BEACH,HAWAII,96706, EVERETT K. CAMPOS,,10941,Open,137 New and Renewal 3,Category 3,08/12/2010 12:00:00 AM,9,4,27,3,07/09/2012 12:00:00 AM
JW MARRIOTT IHILANI RESORT & SPA ESPRESSO BAR,"MARRIOTT HOTEL SERVICE, INC.",(310)625-6554,9127,"OLANI STREET
KAPOLEI, HAWAII 96707
(21.342537562591247, -158.12307743334605)",OLANI STREET ,   ,KAPOLEI,HAWAII,96707,"OLANI STREET
KAPOLEI, HAWAII 96707
(21.342537562591247, -158.12307743334605)",OLANI STREET ,   ,KAPOLEI,HAWAII,96707,,,9127,Open,137 New and Renewal 3,Category 3,01/12/2012 12:00:00 AM,9,1,57,1,01/13/2014 12:00:00 AM
CERIA-ULEP ADULT DAY CARE CENTER,MARCELINO P. ULEP / CLEMENTINA D. CERIA-ULEP,(808)258-0766,10639,"HOOMALU STREET
PEARL CITY, HAWAII 96782
(21.40576356552706, -157.9533939082061)",HOOMALU STREET ,   ,PEARL CITY,HAWAII,96782,"HOOMALU STREET
PEARL CITY, HAWAII 96782
(21.40576356552706, -157.9533939082061)",HOOMALU STREET ,   ,PEARL CITY,HAWAII,96782, MARCELINO P. ULEP,,10639,Open,137 New and Renewal 3,Category 3,02/25/2010 12:00:00 AM,9,7,84,8,"February 27"", ""2014"
FIVE-O HAWAIIAN STYLE SMOKED RIBS KITCHEN,"FIVE-O HAWAIIAN STYLE SMOKED RIBS, LLC",(808)228-9188,15233,"KALANIANAOLE HIGHWAY
HONOLULU, HAWAII 96821
(21.278261186711564, -157.75269197359427)",KALANIANAOLE HIGHWAY ,   ,HONOLULU,HAWAII,96821,"SILVA STREET
HONOLULU, HAWAII 96819
(21.320857115411318, -157.88310550498798)",SILVA STREET ,   ,HONOLULU,HAWAII,96819,  DANIEL MCINERNY,,15233,Open,137 New and Renewal 3,Category 3,01/26/2012 12:00:00 AM,3,6,5,92,01/26/2014 12:00:00 AM
CLUB IRIS,"OKINO & KIM, INC.",(808)741-2188,12668,"DILLINGHAM BOULEVARD
HONOLULU, HAWAII 96817
(21.322066389208402, -157.87311702739916)",DILLINGHAM BOULEVARD ,104-5,HONOLULU,HAWAII,96817,"DILLINGHAM BOULEVARD
HONOLULU, HAWAII 96817
(21.322066389208402, -157.87311702739916)",DILLINGHAM BOULEVARD ,104-5,HONOLULU,HAWAII,96817,,,12668,Open,137 New and Renewal 2,Category 2,05/02/2011 12:00:00 AM,1,5,27,4,02/09/2013 12:00:00 AM
MCCULLY PANTRY,"EJK ENTERPRISES, INC.",(808)393-9921,13974,"MCCULLY STREET
HONOLULU, HAWAII 96826
(21.296820527231773, -157.82963764840576)",MCCULLY STREET ,   ,HONOLULU,HAWAII,96826,"MCCULLY STREET
HONOLULU, HAWAII 96826
(21.296820527231773, -157.82963764840576)",MCCULLY STREET ,   ,HONOLULU,HAWAII,96826,,,13974,Open,137 New and Renewal 2,Category 2,08/26/2010 12:00:00 AM,2,7,1,32,08/26/2012 12:00:00 AM
FORT RUGER,"YOUNG JUN, INC.",(760)470-3292,14874,"FORT STREET
HONOLULU, HAWAII 96813
(21.30750216081873, -157.8651680282795)",FORT STREET ,150,HONOLULU,HAWAII,96813,"FORT STREET
HONOLULU, HAWAII 96813
(21.30750216081873, -157.8651680282795)",FORT STREET ,150,HONOLULU,HAWAII,96813,,,14874,Open,137 New and Renewal 2,Category 2,08/04/2011 12:00:00 AM,2,1,2,9,08/04/2013 12:00:00 AM
K F C HAWAII - KAPIOLANI,KAZI FOODS CORP. OF HAWAII,(808)550-4100,3888,"KAPIOLANI BOULEVARD
HONOLULU, HAWAII 96814
(21.29056124590784, -157.83580699752676)",KAPIOLANI BOULEVARD ,110,HONOLULU,HAWAII,96814,"NORTH NIMITZ HIGHWAY
HONOLULU, HAWAII 96817
(21.312482220372033, -157.86522831771532)",NORTH NIMITZ HIGHWAY,214,HONOLULU,HAWAII,96817,,,3888,Open,137 New and Renewal 2,Category 2,05/04/2010 12:00:00 AM,2,3,21,8,"April 28"", ""2014"
"ODWALLA, INC. (233 TSB)","ODWALLA, INC.",(808)222-2354,15443,"IWAENA STREET
AIEA, HAWAII 96701
(21.37561195768091, -157.91111997686582)",IWAENA STREET ,103,AIEA,HAWAII,96701,"IWAENA STREET
AIEA, HAWAII 96701
(21.37561195768091, -157.91111997686582)",IWAENA STREET ,103,AIEA,HAWAII,96701,,,15443,Open,137 New and Renewal 3,Category 3,04/26/2012 12:00:00 AM,9,9,72,19,04/26/2014 12:00:00 AM
T K MART,T K SONG CORPORATION,(808)391-2372,14296,"KINAU STREET
HONOLULU, HAWAII 96814
(21.304264601794525, -157.847601627544)",KINAU STREET ,   ,HONOLULU,HAWAII,96814,"KINAU STREET
HONOLULU, HAWAII 96814
(21.304264601794525, -157.847601627544)",KINAU STREET ,   ,HONOLULU,HAWAII,96814,,,14296,Open,137 New and Renewal 3,Category 3,12/23/2010 12:00:00 AM,2,4,10,10,12/23/2012 12:00:00 AM
DA FALAFEL KING (RPR 953),"TASTE OF JERUSALEM, LLC",,14997,"ATKINSON DRIVE
HONOLULU, HAWAII 96814
(21.289208494857604, -157.84130267070177)",ATKINSON DRIVE ,   ,HONOLULU,HAWAII,96814,"NAMAHANA STREET
HONOLULU, HAWAII 96815
(21.284019657260615, -157.83131991308832)",NAMAHANA STREET ,2A,HONOLULU,HAWAII,96815,  YANIR YOSEF,,14997,Open,137 New and Renewal 3,Category 3,10/14/2011 12:00:00 AM,2,3,38,2,10/14/2013 12:00:00 AM
HANA MARKET INC.,"HANA MARKET, INC.",(808)943-1173,11029,"MCCULLY STREET
HONOLULU, HAWAII 96826
(21.296820527231773, -157.82963764840576)",MCCULLY STREET ,   ,HONOLULU,HAWAII,96826,"MCCULLY STREET
HONOLULU, HAWAII 96826
(21.296820527231773, -157.82963764840576)",MCCULLY STREET ,   ,HONOLULU,HAWAII,96826,,,11029,Open,137 New and Renewal 2,Category 2,12/09/2011 12:00:00 AM,2,3,28,1,12/12/2013 12:00:00 AM
"EASY TO GO, LLC (PWP 211)",DONG HOON KIM,(808)841-1350,14365,"HEO STREET
HONOLULU, HAWAII 96819
(21.341000000150075, -157.88068000028164)",HEO STREET ,   ,HONOLULU,HAWAII,96819,"HEO STREET
HONOLULU, HAWAII 96819
(21.341000000150075, -157.88068000028164)",HEO STREET ,   ,HONOLULU,HAWAII,96819,,,14365,Open,137 New and Renewal 3,Category 3,01/21/2011 12:00:00 AM,1,2,6,111,01/21/2013 12:00:00 AM
PAPA JOHN'S PIZZA,"PJ HAWAII, LLC",(808)831-3388,5068,"LAWEHANA STREET
AIEA, HAWAII 96701
(21.38695000034238, -157.93232000026765)",LAWEHANA STREET ,   ,AIEA,HAWAII,96701,"PAA STREET
HONOLULU, HAWAII 96819
(21.345043654556008, -157.8946403508128)",PAA STREET ,   ,HONOLULU,HAWAII,96819,,,5068,Open,137 New and Renewal 2,Category 2,01/23/2012 12:00:00 AM,9,9,71,13,11/03/2013 12:00:00 AM
KAMAAINA KIDS AT CFS,"KAMAAINA CARE, INC.",(808)262-4538,1672,"FORT WEAVER ROAD
EWA BEACH, HAWAII 96706
(21.375005900481945, -158.0263684600304)",FORT WEAVER ROAD,   ,EWA BEACH,HAWAII,96706,"HAMAKUA DRIVE
KAILUA, HAWAII 96734
(21.39331778097568, -157.7450384251095)",HAMAKUA DRIVE ,   ,KAILUA,HAWAII,96734,,,1672,Open,137 New and Renewal 2,Category 2,08/26/2011 12:00:00 AM,9,1,17,58,09/15/2013 12:00:00 AM
OHANA AND BBQ OHANA SUSHI,JINWOO LTD.,(808)222-0089,10881,"KAMEHAMEHA HIGHWAY
AIEA, HAWAII 96701
(21.3864238873908, -157.95247197888085)",KAMEHAMEHA HIGHWAY ,   ,AIEA,HAWAII,96701,"FRANCIS STREET
HONOLULU, HAWAII 96815
(21.273109145208156, -157.8139589839049)",FRANCIS STREET ,   ,HONOLULU,HAWAII,96815,SEUNG HO HYUN,,10881,Open,137 New and Renewal 1,Category 1,06/10/2010 12:00:00 AM,9,8,22,85,"June 19"", ""2014"
MEI CHEN STORE,CHIEN MEI CHEN,(808)841-1217,14450,"KALIHI STREET
HONOLULU, HAWAII 96817
(21.324720000327943, -157.859919999808)",KALIHI STREET ,   ,HONOLULU,HAWAII,96817,"KALIHI STREET
HONOLULU, HAWAII 96817
(21.324720000327943, -157.859919999808)",KALIHI STREET ,   ,HONOLULU,HAWAII,96817,,,14450,Open,137 New and Renewal 3,Category 3,02/28/2011 12:00:00 AM,1,2,2,104,02/28/2013 12:00:00 AM
PANDA EXPRESS #1701,"PANDA EXPRESS, INC.",(626)799-9898,14265,"KING STREET
HONOLULU, HAWAII 96826
(21.28996578888771, -157.8182999635788)",KING STREET ,   ,HONOLULU,HAWAII,96826,"WALNUT GROVE AVENUE
ROSEMEAD, CALIFORNIA 91770
(34.04086569088403, -118.08205010926548)",WALNUT GROVE AVENUE,   ,ROSEMEAD,CALIFORNIA,91770,  TAX DEPARTMENT,,14265,Open,137 New and Renewal 1,Category 1,12/09/2010 12:00:00 AM,2,3,19,58,12/09/2012 12:00:00 AM
KALIHI ELEMENTARY SCHOOL,DEPARTMENT OF EDUCATION,(808)832-3183,2654,"KULA KOLEA DRIVE
HONOLULU, HAWAII 96819
(21.35061797102452, -157.86190981942718)",KULA KOLEA DRIVE,   ,HONOLULU,HAWAII,96819,"KULA KOLEA DRIVE
HONOLULU, HAWAII 96819
(21.35061797102452, -157.86190981942718)",KULA KOLEA DRIVE,   ,HONOLULU,HAWAII,96819, CAFETERIA,,2654,Open,137 New and Renewal 1,Category 1,01/31/2012 12:00:00 AM,1,4,7,2,01/09/2014 12:00:00 AM
"HAWAIIAN CHIP CO., LLC","CHAN CHAN, LLC",(808)845-9868,10792,"REPUBLICAN STREET
HONOLULU, HAWAII 96819
(21.323094729595308, -157.88133415432665)",REPUBLICAN STREET ,   ,HONOLULU,HAWAII,96819,"REPUBLICAN STREET
HONOLULU, HAWAII 96819
(21.323094729595308, -157.88133415432665)",REPUBLICAN STREET ,   ,HONOLULU,HAWAII,96819,,,10792,Open,137 New and Renewal 3,Category 3,05/04/2010 12:00:00 AM,1,2,8,9,"April 30"", ""2014"
ANTONIO'S NEW YORK PIZZERIA,"CUGINI, INC.",(808)737-3333,7509,"WAIALAE AVENUE
HONOLULU, HAWAII 96816
(21.27877563071388, -157.78931204861195)",WAIALAE AVENUE ,109B,HONOLULU,HAWAII,96816,"WAIALAE AVENUE
HONOLULU, HAWAII 96816
(21.27877563071388, -157.78931204861195)",WAIALAE AVENUE,109B,HONOLULU,HAWAII,96816,,,7509,Open,137 New and Renewal 3,Category 3,07/25/2011 12:00:00 AM,3,5,17,8,07/14/2013 12:00:00 AM
YWCA OF OAHU LANIAKEA,YWCA OF OAHU,(808)695-2619,12431,"RICHARDS STREET
HONOLULU, HAWAII 96813
(21.30740503778943, -157.85986565083698)",RICHARDS STREET ,   ,HONOLULU,HAWAII,96813,"RICHARDS STREET
HONOLULU, HAWAII 96813
(21.30740503778943, -157.85986565083698)",RICHARDS STREET ,   ,HONOLULU,HAWAII,96813, DINING ROOM AT LANIAKEA,,12431,Open,137 New and Renewal 1,Category 1,10/22/2010 12:00:00 AM,2,1,17,9,10/31/2012 12:00:00 AM
KAAAWA ELEMENTARY SCHOOL,DEPARTMENT OF EDUCATION,(808)239-3118,929,"KAMEHAMEHA HIGHWAY
KAAAWA, HAWAII 96730
(21.547752343877075, -157.84652931365525)",KAMEHAMEHA HIGHWAY ,   ,KAAAWA,HAWAII,96730,"KAMEHAMEHA HIGHWAY
KAAAWA, HAWAII 96730
(21.547752343877075, -157.84652931365525)",KAMEHAMEHA HIGHWAY ,   ,KAAAWA,HAWAII,96730,,,929,Open,137 New and Renewal 3,Category 3,06/06/2011 12:00:00 AM,5,1,2,18,05/25/2013 12:00:00 AM
"KITCHEN DELIGHT, INC.","KITCHEN DELIGHT, INC.",(808)622-3463,3798,"CALIFORNIA AVENUE
WAHIAWA, HAWAII 96786
(21.49588995502748, -158.02980424907722)",CALIFORNIA AVENUE ,   ,WAHIAWA,HAWAII,96786,"CALIFORNIA AVENUE
WAHIAWA, HAWAII 96786
(21.49588995502748, -158.02980424907722)",CALIFORNIA AVENUE ,   ,WAHIAWA,HAWAII,96786,,,3798,Open,137 New and Renewal 2,Category 2,04/15/2010 12:00:00 AM,7,4,3,50,"April 27"", ""2014"
"WANDERING PALATE, THE (390 MUM)","OAHU CATERING, LLC",(808)469-4105,15666,"KALAKAUA AVENUE
HONOLULU, HAWAII 96815
(21.289221256084204, -157.8349706280395)",KALAKAUA AVENUE,,HONOLULU,HAWAII,96815,"HONOLULU, HAWAII 96816
(21.284120000437838, -157.79823999997586)",,,HONOLULU,HAWAII,96816,,10400,15666,Open,137 New and Renewal 3,Category 3,08/06/2012 12:00:00 AM,2,6,26,20,08/06/2014 12:00:00 AM
CHOCOLATE GECKO ESPRESSO,M & G ENTERPRISES,(808)366-3518,11953,"KAMEHAMEHA HIGHWAY
HALEIWA, HAWAII 96712
(21.678410139474995, -158.03346550063853)",KAMEHAMEHA HIGHWAY ,   ,HALEIWA,HAWAII,96712,"KAMEHAMEHA HIGHWAY
HALEIWA, HAWAII 96712
(21.678410139474995, -158.03346550063853)",KAMEHAMEHA HIGHWAY ,   ,HALEIWA,HAWAII,96712, REBECCA GONZALES,,11953,Open,137 New and Renewal 2,Category 2,12/16/2011 12:00:00 AM,6,2,6,18,12/15/2013 12:00:00 AM
KIM CHEE RESTAURANT #1,DEBBIE CHUN,(808)235-5560,2583,"KAMEHAMEHA HIGHWAY
KANEOHE, HAWAII 96744
(21.40322830973858, -157.7994698909329)",KAMEHAMEHA HIGHWAY ,   ,KANEOHE,HAWAII,96744,"KAMEHAMEHA HIGHWAY
KANEOHE, HAWAII 96744
(21.40322830973858, -157.7994698909329)",KAMEHAMEHA HIGHWAY ,   ,KANEOHE,HAWAII,96744,,,2583,Open,137 New and Renewal 1,Category 1,12/06/2011 12:00:00 AM,4,6,30,51,12/24/2013 12:00:00 AM
KAHALA THEATRES,"CONSOLIDATED ENTERTAINMENT, INC.",,10866,"WAIALAE AVENUE
HONOLULU, HAWAII 96816
(21.27877563071388, -157.78931204861195)",WAIALAE AVENUE ,   ,HONOLULU,HAWAII,96816,"WAIALAE AVENUE
HONOLULU, HAWAII 96816
(21.27877563071388, -157.78931204861195)",WAIALAE AVENUE ,   ,HONOLULU,HAWAII,96816,,,10866,Open,137 New and Renewal 3,Category 3,06/28/2011 12:00:00 AM,3,5,16,1,07/01/2013 12:00:00 AM
GOLDEN LION CHINESE RESTAURANT,JAMES & NOVENA CHUN,(808)487-8788,6748,"KAAHUMANU STREET
AIEA, HAWAII 96701
(21.411852247113735, -157.93826669400426)",KAAHUMANU STREET ,   ,AIEA,HAWAII,96701,"KAAHUMANU STREET
AIEA, HAWAII 96701
(21.411852247113735, -157.93826669400426)",KAAHUMANU STREET ,112,AIEA,HAWAII,96701,,,6748,Open,137 New and Renewal 1,Category 1,06/30/2010 12:00:00 AM,9,8,8,25,"July 09"", ""2014"
"BOBO'S MINIMART AND SUSHI, INC.",JEONGIN PARK,(808)772-7346,13973,"KAMEHAMEHA HIGHWAY
AIEA, HAWAII 96701
(21.3864238873908, -157.95247197888085)",KAMEHAMEHA HIGHWAY ,   ,AIEA,HAWAII,96701,"KELAKELA STREET
MILILANI, HAWAII 96789
(21.47454195363769, -158.01289835438956)",KELAKELA STREET ,   ,MILILANI,HAWAII,96789,,,13973,Open,137 New and Renewal 2,Category 2,03/08/2011 12:00:00 AM,9,8,10,9,03/30/2013 12:00:00 AM
"CHEVRON STATIONS, INC. #2532","CHEVRON STATIONS, INC.",(714)671-3304,11898,"SALT LAKE BOULEVARD
HONOLULU, HAWAII 96818
(21.343920326535727, -157.9059924635557)",SALT LAKE BOULEVARD,   ,HONOLULU,HAWAII,96818,"BREA, CALIFORNIA 92821
(33.92253000005962, -117.89406999983049)",,   ,BREA,CALIFORNIA,92821, LICENSES & PERMITS,2292,11898,Open,137 New and Renewal 2,Category 2,01/23/2012 12:00:00 AM,9,9,2,35,01/07/2014 12:00:00 AM
STARBUCKS COFFEE (WARD ENTERTAINMENT) #21026,STARBUCKS CORP.,(206)318-8705,9411,"KAMAKEE STREET
HONOLULU, HAWAII 96814
(21.293140607642624, -157.85395472787616)",KAMAKEE STREET ,6,HONOLULU,HAWAII,96814,"SEATTLE, WASHINGTON 98124
(47.551910000346425, -122.3263100002062)",,S-TAX2,SEATTLE,WASHINGTON,98124,,34442,9411,Open,137 New and Renewal 3,Category 3,"Feb 20"", ""2012",2,3,2,1,02/20/2014 12:00:00 AM
FOODLAND SUPER MARKET #4,"FOODLAND SUPERMARKET, LTD.",(808)732-0791,11457,"SOUTH BERETANIA STREET
HONOLULU, HAWAII 96814
(21.303895186905667, -157.8493966033946)",SOUTH BERETANIA STREET,   ,HONOLULU,HAWAII,96814,"HARDING AVENUE
HONOLULU, HAWAII 96816
(21.287452571941955, -157.8126525404355)",HARDING AVENUE ,100,HONOLULU,HAWAII,96816, SHARON YAMAMOTO,,11457,Open,137 New and Renewal 1,Category 1,05/19/2011 12:00:00 AM,2,4,10,47,05/28/2013 12:00:00 AM
BLAZIN STEAKS MILILANI TOWN CENTER,"TAG ENTERPRISES, INC.",(808)554-8455,14337,"MEHEULA PARKWAY
MILILANI, HAWAII 96789
(21.465218577218224, -158.00423652378421)",MEHEULA PARKWAY ,156,MILILANI,HAWAII,96789,"LANAKOI STREET
KAPOLEI, HAWAII 96707
(21.332545731342417, -158.06533237049823)",LANAKOI STREET ,   ,KAPOLEI,HAWAII,96707,  VILL TAGALICUD,,14337,Open,137 New and Renewal 1,Category 1,01/06/2011 12:00:00 AM,9,5,1,64,01/06/2013 12:00:00 AM
JIN JOO KOREAN RESTAURANT,"KWI YAE CONNER, LLC",(808)520-7192,15574,"KAMEHAMEHA HIGHWAY
HONOLULU, HAWAII 96701
(21.3864238873908, -157.95247197888085)",KAMEHAMEHA HIGHWAY,111,HONOLULU,HAWAII,96701,"KAMEHAMEHA HIGHWAY
AIEA, HAWAII 96701
(21.3864238873908, -157.95247197888085)",KAMEHAMEHA HIGHWAY ,111,AIEA,HAWAII,96701,,,15574,Open,137 New and Renewal 1,Category 1,06/25/2012 12:00:00 AM,9,8,22,74,03/31/2014 12:00:00 AM
MAX'S OF MANILA,"ASIAN RESTAURANT GROUP, INC.",(808)728-3067,13638,"DILLINGHAM BOULEVARD
HONOLULU, HAWAII 96819
(21.327002713156855, -157.8795413179569)",DILLINGHAM BOULEVARD ,   ,HONOLULU,HAWAII,96819,"SOUTH BERETANIA STREET
HONOLULU, HAWAII 96814
(21.303895186905667, -157.8493966033946)",SOUTH BERETANIA STREET,   ,HONOLULU,HAWAII,96814,,,13638,Open,137 New and Renewal 1,Category 1,04/01/2010 12:00:00 AM,1,5,15,0,"April 01"", ""2014"
ZANZABAR NIGHT CLUB,"MYSTIC WORKS, LLC",(808)479-9013,5159,"KUHIO AVENUE
HONOLULU, HAWAII 96815
(21.278845579283345, -157.82537959046584)",KUHIO AVENUE ,S-8,HONOLULU,HAWAII,96815,"KUHIO AVENUE
HONOLULU, HAWAII 96815
(21.278845579283345, -157.82537959046584)",KUHIO AVENUE ,108,HONOLULU,HAWAII,96815,JAMES BOERSEMA,,5159,Open,137 New and Renewal 3,Category 3,11/28/2011 12:00:00 AM,2,6,22,4,12/17/2013 12:00:00 AM
UNCLE BOBO'S SMOKED BBQ,ROBERT & KEIKO UKAI JOYCE,(808)237-1000,8836,"KAMEHAMEHA HIGHWAY
KAAAWA, HAWAII 96730
(21.547752343877075, -157.84652931365525)",KAMEHAMEHA HIGHWAY ,   ,KAAAWA,HAWAII,96730,"KAAAWA, HAWAII 96730
(21.550339999691403, -157.8511700000953)",,   ,KAAAWA,HAWAII,96730,,59,8836,Open,137 New and Renewal 1,Category 1,08/10/2011 12:00:00 AM,5,1,11,43,08/12/2013 12:00:00 AM
J. W. MARRIOTT IHILANI RESORT & SPA,"MARRIOTT HOTEL SERVICES, INC.",(808)679-0079,11895,"OLANI STREET
KAPOLEI, HAWAII 96707
(21.342537562591247, -158.12307743334605)",OLANI STREET ,   ,KAPOLEI,HAWAII,96707,"OLANI STREET
KAPOLEI, HAWAII 96707
(21.342537562591247, -158.12307743334605)",OLANI STREET ,   ,KAPOLEI,HAWAII,96707,,,11895,Open,137 New and Renewal 3,Category 3,01/09/2012 12:00:00 AM,9,1,57,1,01/26/2014 12:00:00 AM
KAZOKU SUSHI RESTAURANT,"RCCHIN, LLC",(808)232-7995,9664,"KAMOKILA BOULEVARD
KAPOLEI, HAWAII 96707
(21.327439653281516, -158.0863503219189)",KAMOKILA BOULEVARD ,102,KAPOLEI,HAWAII,96707,"KAMOKILA BOULEVARD
KAPOLEI, HAWAII 96707
(21.327439653281516, -158.0863503219189)",KAMOKILA BOULEVARD ,102,KAPOLEI,HAWAII,96707,,,9664,Open,137 New and Renewal 2,Category 2,10/27/2010 12:00:00 AM,9,1,118,9,10/13/2012 12:00:00 AM
SUNRISE MARKET,"SYK LIQUOR & GROCERY, INC.",(808)842-3411,15282,"DILLINGHAM BOULEVARD
HONOLULU, HAWAII 96817
(21.322066389208402, -157.87311702739916)",DILLINGHAM BOULEVARD ,   ,HONOLULU,HAWAII,96817,"DILLINGHAM BOULEVARD
HONOLULU, HAWAII 96817
(21.322066389208402, -157.87311702739916)",DILLINGHAM BOULEVARD ,   ,HONOLULU,HAWAII,96817,,,15282,Open,137 New and Renewal 2,Category 2,02/17/2012 12:00:00 AM,1,5,7,52,10/15/2014 12:00:00 AM
MALASIG MEAT MARKET,ESTRELITA M. AGUINALDO,(808)525-5726,10709,"NORTH KING STREET
HONOLULU, HAWAII 96817
(21.313817713585564, -157.86425255331352)",NORTH KING STREET,STALL 4  ,HONOLULU,HAWAII,96817,"DEMENT STREET
HONOLULU, HAWAII 96819
(21.337073110617002, -157.872384316346)",DEMENT STREET ,   ,HONOLULU,HAWAII,96819, FILGRIMA M. CACHOLA,,10709,Open,137 New and Renewal 3,Category 3,03/15/2010 12:00:00 AM,1,7,2,34,"March 19"", ""2014"
ROCKETT'S PHILLY CHEESESTEAKS (COMMISSARY),CLYDE MARK ROCKETT,(808)772-6253,15603,"UMI STREET
HONOLULU, HAWAII 96819
(21.333609051500428, -157.88304952735677)",UMI STREET,C,HONOLULU,HAWAII,96819,"ALBATROSS AVENUE
EWA BEACH, HAWAII 96706
(21.317641936886464, -157.98106589099092)",ALBATROSS AVENUE,,EWA BEACH,HAWAII,96706,CLYDE MARK ROCKETT,,15603,Open,137 New and Renewal 3,Category 3,07/11/2012 12:00:00 AM,1,2,14,57,07/11/2014 12:00:00 AM
T & J LUNCHWAGON,"T & J MANGEMENT, INC.",(808)753-4835,14129,"KAPIOLANI BOULEVARD
HONOLULU, HAWAII 96814
(21.29056124590784, -157.83580699752676)",KAPIOLANI BOULEVARD ,   ,HONOLULU,HAWAII,96814,"HIHIWAI STREET
HONOLULU, HAWAII 96826
(21.285975063268577, -157.82737864335505)",HIHIWAI STREET ,2203,HONOLULU,HAWAII,96826,  TIMOTHY YI,,14129,Open,137 New and Renewal 2,Category 2,10/07/2010 12:00:00 AM,2,3,39,11,10/07/2012 12:00:00 AM
MAUKA CHINESE CUISINE / NEW GENKI RAMEN II,"MWL ENTERPRISES, INC.",(808)541-7128,12797,"MEHEULA PARKWAY
MILILANI, HAWAII 96789
(21.465218577218224, -158.00423652378421)",MEHEULA PARKWAY ,1-2,MILILANI,HAWAII,96789,"MEHEULA PARKWAY
MILILANI, HAWAII 96789
(21.465218577218224, -158.00423652378421)",MEHEULA PARKWAY,1-2,MILILANI,HAWAII,96789,,,12797,Open,137 New and Renewal 1,Category 1,03/14/2011 12:00:00 AM,9,5,49,10,03/27/2013 12:00:00 AM
SUBWAY SANDWICH - NUUANU YMCA,DONNABELL & BOYET FAYLOGA,(808)295-3524,15268,"PALI HIGHWAY
HONOLULU, HAWAII 96813
(21.31188211345323, -157.85775583572988)",PALI HIGHWAY ,   ,HONOLULU,HAWAII,96813,"KALAEPAA STREET
HONOLULU, HAWAII 96819
(21.341000000150075, -157.88068000028164)",KALAEPAA STREET ,   ,HONOLULU,HAWAII,96819,  DONNABELL FAYLOGA,,15268,Open,137 New and Renewal 1,Category 1,02/13/2012 12:00:00 AM,2,1,5,3,02/13/2014 12:00:00 AM
"WHOLESALE UNLIMITED, INC.","WHOLESALE UNLIMITED, INC.",(808)839-5258,12545,"KOPAKE STREET
WAIPAHU, HAWAII 96797
(21.38866397043875, -158.00715130509548)",KOPAKE STREET ,   ,WAIPAHU,HAWAII,96797,"KOPAKE STREET
WAIPAHU, HAWAII 96797
(21.38866397043875, -158.00715130509548)",KOPAKE STREET ,   ,WAIPAHU,HAWAII,96797,,,12545,Open,137 New and Renewal 3,Category 3,03/11/2010 12:00:00 AM,9,4,160,13,"March 24"", ""2014"
HAWAII MEDICAL CENTER WEST,"HAWAII MEDICAL CENTER, LLC",(808)294-7154,9825,"FORT WEAVER ROAD
EWA BEACH, HAWAII 96706
(21.375005900481945, -158.0263684600304)",FORT WEAVER ROAD,   ,EWA BEACH,HAWAII,96706,"FORT WEAVER ROAD
EWA BEACH, HAWAII 96706
(21.375005900481945, -158.0263684600304)",FORT WEAVER ROAD,   ,EWA BEACH,HAWAII,96706,,,9825,Open,137 New and Renewal 1,Category 1,12/21/2010 12:00:00 AM,9,1,17,56,01/08/2013 12:00:00 AM
ALOHA WAINANI FRESH FISH,HASRAT ALI,(808)722-1134,15648,"POHUKAINA STREET
HONOLULU, HAWAII 96819
(21.341000000150075, -157.88068000028164)",POHUKAINA STREET,,HONOLULU,HAWAII,96819,"KALANIANAOLE HIGHWAY
HONOLULU, HAWAII 96821
(21.278261186711564, -157.75269197359427)",KALANIANAOLE HIGHWAY ,,HONOLULU,HAWAII,96821,HASRAT ALI,,15648,Open,137 New and Renewal 3,Category 3,07/25/2012 12:00:00 AM,2,1,52,0,02/09/2013 12:00:00 AM
PAI'S SANDWICH,"PAI'S, LLC",(808)375-8889,1750,"KALAKAUA AVENUE
HONOLULU, HAWAII 96815
(21.289221256084204, -157.8349706280395)",KALAKAUA AVENUE ,113,HONOLULU,HAWAII,96815,"KALAKAUA AVENUE
HONOLULU, HAWAII 96815
(21.289221256084204, -157.8349706280395)",KALAKAUA AVENUE ,113,HONOLULU,HAWAII,96815,,,1750,Open,137 New and Renewal 3,Category 3,09/19/2011 12:00:00 AM,2,6,2,17,09/24/2013 12:00:00 AM
PIZZA HUT HAWAII,TD FOOD GROUP,,14369,"WAILEPO STREET
KAILUA, HAWAII 96734
(21.3963115829262, -157.74538183529708)",WAILEPO STREET ,   ,KAILUA,HAWAII,96734,"FORT STREET MALL
HONOLULU, HAWAII 96813
(21.31198022982935, -157.85804219770066)",FORT STREET MALL,130,HONOLULU,HAWAII,96813,,,14369,Open,137 New and Renewal 1,Category 1,01/24/2011 12:00:00 AM,4,3,59,27,01/24/2013 12:00:00 AM
DA SNACK TRUCK,ALINE O. V. SHANER,(808)778-4617,14795,"KAMEHAMEHA HIGHWAY
HALEIWA, HAWAII 96712
(21.678410139474995, -158.03346550063853)",KAMEHAMEHA HIGHWAY ,   ,HALEIWA,HAWAII,96712,"FARRINGTON HIGHWAY
WAIALUA, HAWAII 96791
(21.564894934335683, -158.11952960794048)",FARRINGTON HIGHWAY ,   ,WAIALUA,HAWAII,96791,  ALINE O. V. SHANER,,14795,Open,137 New and Renewal 3,Category 3,06/16/2011 12:00:00 AM,6,2,6,13,06/16/2013 12:00:00 AM
PALAMA SETTLEMENT,PALAMA SETTLEMENT,(808)845-3945,851,"NORTH VINEYARD BOULEVARD
HONOLULU, HAWAII 96817
(21.316695013503107, -157.8596712440917)",NORTH VINEYARD BOULEVARD,   ,HONOLULU,HAWAII,96817,"NORTH VINEYARD BOULEVARD
HONOLULU, HAWAII 96817
(21.316695013503107, -157.8596712440917)",NORTH VINEYARD BOULEVARD,   ,HONOLULU,HAWAII,96817,,,851,Open,137 New and Renewal 2,Category 2,04/13/2011 12:00:00 AM,1,7,45,1,04/30/2013 12:00:00 AM
TIMES SUPER MARKET - MILILANI,"QSI, INC.",(808)831-9811,13406,"MEHEULA PARKWAY
MILILANI, HAWAII 96789
(21.465218577218224, -158.00423652378421)",MEHEULA PARKWAY ,   ,MILILANI,HAWAII,96789,"KOAPAKA STREET
HONOLULU, HAWAII 96819
(21.334992480660844, -157.90790942814314)",KOAPAKA STREET ,D108,HONOLULU,HAWAII,96819,SUE OHTANI,,13406,Open,137 New and Renewal 1,Category 1,11/14/2011 12:00:00 AM,9,5,53,6,12/04/2013 12:00:00 AM
LANIKAI ELEMENTARY SCHOOL,DEPARTMENT OF EDUCATION,(808)266-7844,2180,"ALALA ROAD
KAILUA, HAWAII 96734
(21.395192142158532, -157.72261726569027)",ALALA ROAD ,   ,KAILUA,HAWAII,96734,"ALALA ROAD
KAILUA, HAWAII 96734
(21.395192142158532, -157.72261726569027)",ALALA ROAD ,   ,KAILUA,HAWAII,96734,,,2180,Open,137 New and Renewal 3,Category 3,10/28/2011 12:00:00 AM,4,2,55,12,10/30/2013 12:00:00 AM
TANGO CONTEMPORARY CAFÉ,SCANDIN ASIAN RESTAURANT GROUP LLC,(808)781-2100,10542,"ALA MOANA BOULEVARD
HONOLULU, HAWAII 96814
(21.28823767336588, -157.84028676965752)",ALA MOANA BOULEVARD,120   ,HONOLULU,HAWAII,96814,"HENRY STREET
HONOLULU, HAWAII 96817
(21.332298781287676, -157.83739879751863)",HENRY STREET ,   ,HONOLULU,HAWAII,96817,,,10542,Open,137 New and Renewal 1,Category 1,01/10/2012 12:00:00 AM,2,3,5,1,01/24/2014 12:00:00 AM
MCDONALD'S STADIUM MARKET PLACE,"GLENNCO HAWAII, LTD.",(808)733-1545,2528,"SALT LAKE BOULEVARD
HONOLULU, HAWAII 96818
(21.343920326535727, -157.9059924635557)",SALT LAKE BOULEVARD,   ,HONOLULU,HAWAII,96818,"SALT LAKE BOULEVARD
HONOLULU, HAWAII 96818
(21.343920326535727, -157.9059924635557)",SALT LAKE BOULEVARD,   ,HONOLULU,HAWAII,96818,,,2528,Open,137 New and Renewal 2,Category 2,06/30/2011 12:00:00 AM,9,9,2,25,07/01/2013 12:00:00 AM
CHUTNEY,"KATHMANDU INTERNATIONAL, LLC",(858)610-1051,15581,"KEEAUMOKU STREET
HONOLULU, HAWAII 96814
(21.30222994923804, -157.83839704497115)",KEEAUMOKU STREET ,102,HONOLULU,HAWAII,96814,"KEEAUMOKU STREET
HONOLULU, HAWAII 96814
(21.30222994923804, -157.83839704497115)",KEEAUMOKU STREET,,HONOLULU,HAWAII,96814,,,15581,Open,137 New and Renewal 1,Category 1,06/26/2012 12:00:00 AM,2,3,21,36,06/26/2014 12:00:00 AM
SHOCHAN,"OKONOMI FACTORY, LLC",(808)375-3709,15191,"KAPAHULU AVENUE
HONOLULU, HAWAII 96815
(21.273487832608467, -157.81652989273888)",KAPAHULU AVENUE ,203,HONOLULU,HAWAII,96815,"KAPAHULU AVENUE
HONOLULU, HAWAII 96815
(21.273487832608467, -157.81652989273888)",KAPAHULU AVENUE ,203,HONOLULU,HAWAII,96815,,,15191,Open,137 New and Renewal 2,Category 2,01/10/2012 12:00:00 AM,3,1,22,4,01/10/2014 12:00:00 AM
"HUB, THE","ISLAND BREW, LLC",(808)271-2341,15712,"KEAAHALA ROAD
KANEOHE, HAWAII 96744
(21.413948228327826, -157.8023926875281)",KEAAHALA ROAD ,,KANEOHE,HAWAII,96744,"HONOLULU, HAWAII 96817
(21.324720000327943, -157.859919999808)",,,HONOLULU,HAWAII,96817,"ISLAND BREW, LLC",17760,15712,Open,137 New and Renewal 3,Category 3,08/20/2012 12:00:00 AM,4,5,23,14,08/20/2014 12:00:00 AM
CHOI'S GARDEN RESTAURANT,"CHOI'S RESTAURANT, INC.",(808)596-7555,8047,"RYCROFT STREET
HONOLULU, HAWAII 96814
(21.29829552714352, -157.84669146792214)",RYCROFT STREET ,   ,HONOLULU,HAWAII,96814,"RYCROFT STREET
HONOLULU, HAWAII 96814
(21.29829552714352, -157.84669146792214)",RYCROFT STREET ,   ,HONOLULU,HAWAII,96814,,,8047,Open,137 New and Renewal 1,Category 1,07/07/2010 12:00:00 AM,2,3,14,6,"June 30"", ""2014"
ROSE LUNCHWAGON,DON HOANG NGUYEN,(808)841-3392,8233,"MAUNAKEA STREET
HONOLULU, HAWAII 96817
(21.315409513577436, -157.85852836859704)",MAUNAKEA STREET ,   ,HONOLULU,HAWAII,96817,"ELUWENE STREET
HONOLULU, HAWAII 96819
(21.330805333003067, -157.8829811198258)",ELUWENE STREET ,   ,HONOLULU,HAWAII,96819, DON H. NGUYEN,,8233,Open,137 New and Renewal 3,Category 3,09/10/2010 12:00:00 AM,1,7,2,47,10/06/2012 12:00:00 AM
QUEEN LILIUOKALANI CHILDREN'S CENTER-LILIUOKALANI TRUST,QUEEN LILIUOKALANI CHILDREN'S CENTER,(808)235-7613,4546,"HAIKU ROAD
KANEOHE, HAWAII 96744
(21.41624599611268, -157.81461447390632)",HAIKU ROAD ,   ,KANEOHE,HAWAII,96744,"HAIKU ROAD
KANEOHE, HAWAII 96744
(21.41624599611268, -157.81461447390632)",HAIKU ROAD ,   ,KANEOHE,HAWAII,96744,,,4546,Open,137 New and Renewal 1,Category 1,01/18/2011 12:00:00 AM,4,6,12,36,01/28/2013 12:00:00 AM
GALAXY STEAK HOUSE LLC,WILFRED LEUNG,(808)387-4343,9729,"KUHIO AVENUE
HONOLULU, HAWAII 96815
(21.278845579283345, -157.82537959046584)",KUHIO AVENUE ,201-A,HONOLULU,HAWAII,96815,"WILIWILI STREET
HONOLULU, HAWAII 96826
(21.28912117886208, -157.83121137896666)",WILIWILI STREET,302,HONOLULU,HAWAII,96826,,,9729,Open,137 New and Renewal 1,Category 1,10/27/2010 12:00:00 AM,2,6,22,43,11/03/2012 12:00:00 AM
ANGEL'S FILIPINO RESTAURANT,BELINDA T. ELLIS,(808)391-9689,13825,"LEOKU STREET
WAIPAHU, HAWAII 96797
(21.377940326708565, -158.02342611499094)",LEOKU STREET ,   ,WAIPAHU,HAWAII,96797,"KAMIKI STREET
WAIPAHU, HAWAII 96797
(21.39825871289399, -158.03555553356284)",KAMIKI STREET ,   ,WAIPAHU,HAWAII,96797,  BELINDA ELLIS,,13825,Open,137 New and Renewal 3,Category 3,06/22/2010 12:00:00 AM,9,4,47,27,"June 19"", ""2014"
LOCO MOCO DRIVE INN #1,"MILILANI REGAL INVESTMENT, INC.",(808)429-3810,2573,"MEHEULA PARKWAY
MILILANI, HAWAII 96789
(21.465218577218224, -158.00423652378421)",MEHEULA PARKWAY ,186,MILILANI,HAWAII,96789,"MEHEULA PARKWAY
MILILANI, HAWAII 96789
(21.465218577218224, -158.00423652378421)",MEHEULA PARKWAY,186,MILILANI,HAWAII,96789,,,2573,Open,137 New and Renewal 1,Category 1,12/16/2011 12:00:00 AM,9,5,1,81,12/19/2013 12:00:00 AM
"SAMURAI SNACKS AIEA, LLC","SAMURAI SNACKS AIEA, LLC",(808)484-2200,8937,"AIEA HEIGHTS DRIVE
AIEA, HAWAII 96701
(21.3798999048238, -157.92917909123395)",AIEA HEIGHTS DRIVE,106,AIEA,HAWAII,96701,"MAKALAPUA PLACE
HONOLULU, HAWAII 96817
(21.329437964178283, -157.8690467504106)",MAKALAPUA PLACE ,   ,HONOLULU,HAWAII,96817,,,8937,Open,137 New and Renewal 3,Category 3,09/27/2011 12:00:00 AM,9,9,42,59,09/27/2013 12:00:00 AM
LONGS DRUG STORE #9182,"LONGS DRUG STORES CALIFORNIA, LLC",(401)770-3315,13182,"BISHOP STREET
HONOLULU, HAWAII 96813
(21.307023335654208, -157.86366799399445)",BISHOP STREET ,   ,HONOLULU,HAWAII,96813,"CVS DRIVE
WOONSOCKET, RHODE ISLAND 02895
(41.99328374986648, -71.47787104268498)",CVS DRIVE ,MAIL DROP #23062A  ,WOONSOCKET,RHODE ISLAND,2895, LICENSING DEPARTMENT,,13182,Open,137 New and Renewal 3,Category 3,09/13/2011 12:00:00 AM,2,1,12,4,09/11/2013 12:00:00 AM
EDIBLE ARRANGEMENTS,"LEE CHRISTOPHER, LLC",(808)988-3784,10220,"WOODLAWN DRIVE
HONOLULU, HAWAII 96822
(21.30718330212897, -157.81032287478018)",WOODLAWN DRIVE ,5-116,HONOLULU,HAWAII,96822,"WOODLAWN DRIVE
HONOLULU, HAWAII 96822
(21.30718330212897, -157.81032287478018)",WOODLAWN DRIVE ,5-116,HONOLULU,HAWAII,96822,,,10220,Open,137 New and Renewal 3,Category 3,07/11/2011 12:00:00 AM,2,9,22,1,08/01/2013 12:00:00 AM
TOKYO TOKYO RESTAURANT,"ASAHI CREATE USA, INC.",,8201,"KAHALA AVENUE
HONOLULU, HAWAII 96816
(21.260024766402978, -157.79280591469578)",KAHALA AVENUE ,   ,HONOLULU,HAWAII,96816,"KAHALA AVENUE
HONOLULU, HAWAII 96816
(21.260024766402978, -157.79280591469578)",KAHALA AVENUE ,   ,HONOLULU,HAWAII,96816,,,8201,Open,137 New and Renewal 1,Category 1,09/27/2010 12:00:00 AM,3,5,23,39,09/23/2012 12:00:00 AM
PONO FRESH,MICHELE MAEDA,(808)781-2704,14376,"UMI STREET
HONOLULU, HAWAII 96819
(21.333609051500428, -157.88304952735677)",UMI STREET ,   ,HONOLULU,HAWAII,96819,"HONOLULU, HAWAII 96823
(21.304220000153066, -157.8439600003536)",,   ,HONOLULU,HAWAII,96823,  MICHELE MAEDA,235975,14376,Open,137 New and Renewal 3,Category 3,01/25/2011 12:00:00 AM,1,2,14,57,01/25/2013 12:00:00 AM
"ADRIATIC FOODS, LLC",VUKASIN SABAN,(808)368-2472,15544,"NUUANU AVENUE
HONOLULU, HAWAII 96813
(21.310000091571197, -157.86425704992365)",NUUANU AVENUE ,,HONOLULU,HAWAII,96813,"KALAKAUA AVENUE
HONOLULU, HAWAII 96826
(21.299226299579416, -157.8367114628181)",KALAKAUA AVENUE,,HONOLULU,HAWAII,96826,VUKASIN SABAN,,15544,Open,137 New and Renewal 3,Category 3,06/08/2012 12:00:00 AM,2,1,3,16,11/10/2013 12:00:00 AM
P & E FOODS @ UNICOLD,"P & E FOODS, INC.",(808)839-9094,12402,"KOAPAKA STREET
HONOLULU, HAWAII 96819
(21.334992480660844, -157.90790942814314)",KOAPAKA STREET ,202,HONOLULU,HAWAII,96819,"KOAPAKA STREET
HONOLULU, HAWAII 96819
(21.334992480660844, -157.90790942814314)",KOAPAKA STREET ,202,HONOLULU,HAWAII,96819,,,12402,Open,137 New and Renewal 3,Category 3,08/23/2010 12:00:00 AM,1,1,14,39,"September 10"", ""2014"
IHOP WAIKIKI,VSE WAIKIKI LLC,(808)387-8280,9461,"KUHIO AVENUE
HONOLULU, HAWAII 96815
(21.278845579283345, -157.82537959046584)",KUHIO AVENUE ,   ,HONOLULU,HAWAII,96815,"ALA MOANA BOULEVARD
HONOLULU, HAWAII 96815
(21.285143580295973, -157.83477418661556)",ALA MOANA BOULEVARD,   ,HONOLULU,HAWAII,96815, SARAH ESPINO,,9461,Open,137 New and Renewal 1,Category 1,05/27/2010 12:00:00 AM,2,6,19,21,"June 19"", ""2014"
SAKURA HOUSE ADULT DAY CARE PROGRAM,FINE MEDICAL U.S.A. CORPORATION,(808)536-1112,12708,"MOTT-SMITH DRIVE
HONOLULU, HAWAII 96822
(21.313796401823804, -157.8343647746301)",MOTT-SMITH DRIVE ,   ,HONOLULU,HAWAII,96822,"MOTT-SMITH DRIVE
HONOLULU, HAWAII 96822
(21.313796401823804, -157.8343647746301)",MOTT-SMITH DRIVE ,   ,HONOLULU,HAWAII,96822,,,12708,Open,137 New and Renewal 3,Category 3,05/02/2011 12:00:00 AM,2,4,30,18,02/02/2013 12:00:00 AM
GIOVANNI'S ALOHA SHRIMP KAHUKU TRUCK,"LUCKY U ENTERPRISES, INC.",(808)677-1604,9229,"KAMEHAMEHA HIGHWAY
KAHUKU, HAWAII 96731
(21.697352046851734, -157.98537795533906)",KAMEHAMEHA HIGHWAY ,   ,KAHUKU,HAWAII,96731,"KAHUKU, HAWAII 96731
(21.685190000418345, -157.97136999972557)",,   ,KAHUKU,HAWAII,96731,,427,9229,Open,137 New and Renewal 3,Category 3,01/12/2012 12:00:00 AM,5,6,2,12,12/09/2013 12:00:00 AM
LIN'S CRAFTS,RAYMOND C.K. CHUN,(808)722-9986,13606,"DILLINGHAM BOULEVARD
HONOLULU, HAWAII 96817
(21.322066389208402, -157.87311702739916)",DILLINGHAM BOULEVARD ,A-108,HONOLULU,HAWAII,96817,"DILLINGHAM BOULEVARD
HONOLULU, HAWAII 96817
(21.322066389208402, -157.87311702739916)",DILLINGHAM BOULEVARD ,A-108,HONOLULU,HAWAII,96817,,,13606,Open,137 New and Renewal 3,Category 3,"Mar 19"", ""2012",1,5,20,1,03/19/2014 12:00:00 AM
7 ELEVEN STORE #54128,"SEVEN ELEVEN HAWAII, INC.",(808)526-1711,11668,"FARRINGTON HIGHWAY
WAIANAE, HAWAII 96792
(21.550628469071547, -158.24337315456913)",FARRINGTON HIGHWAY ,   ,WAIANAE,HAWAII,96792,"NUUANU AVENUE
HONOLULU, HAWAII 96817
(21.310000091571197, -157.86425704992365)",NUUANU AVENUE ,2ND FLOOR   ,HONOLULU,HAWAII,96817, MASAE DOTE,,11668,Open,137 New and Renewal 2,Category 2,08/31/2011 12:00:00 AM,8,5,18,18,09/09/2013 12:00:00 AM
KRISTEN'S KITCHEN,TENRUS CORP.,(808)678-2529,4061,"FARRINGTON HIGHWAY
WAIPAHU, HAWAII 96797
(21.39596077521469, -157.98406389742595)",FARRINGTON HIGHWAY ,   ,WAIPAHU,HAWAII,96797,"FARRINGTON HIGHWAY
WAIPAHU, HAWAII 96797
(21.39596077521469, -157.98406389742595)",FARRINGTON HIGHWAY ,   ,WAIPAHU,HAWAII,96797,,,4061,Open,137 New and Renewal 1,Category 1,05/04/2011 12:00:00 AM,9,4,19,1,05/25/2013 12:00:00 AM
HINA MAUKA,HINA MAUKA,(808)236-2600,1779,"POOKELA STREET
KANEOHE, HAWAII 96744
(21.405558972681764, -157.80994896679573)",POOKELA STREET ,   ,KANEOHE,HAWAII,96744,"POOKELA STREET
KANEOHE, HAWAII 96744
(21.405558972681764, -157.80994896679573)",POOKELA STREET ,   ,KANEOHE,HAWAII,96744,,,1779,Open,137 New and Renewal 1,Category 1,09/20/2011 12:00:00 AM,4,5,23,2,09/25/2013 12:00:00 AM
"CHEAP MARKET, INC.","CHEAP MARKET, INC.",(808)782-8829,13942,"KEKAULIKE STREET
HONOLULU, HAWAII 96817
(21.312201176488244, -157.8649726608735)",KEKAULIKE STREET ,102 & 103  ,HONOLULU,HAWAII,96817,"KEKAULIKE STREET
HONOLULU, HAWAII 96817
(21.312201176488244, -157.8649726608735)",KEKAULIKE STREET ,102,HONOLULU,HAWAII,96817,,,13942,Open,137 New and Renewal 3,Category 3,08/13/2010 12:00:00 AM,1,7,3,,"August 13"", ""2014"
"NUUANU PRE-SCHOOL, INC.","NUUANU PRE-SCHOOL, INC.",(808)595-2700,14080,"COELHO WAY
HONOLULU, HAWAII 96817
(21.328951096550792, -157.84547001605284)",COELHO WAY ,   ,HONOLULU,HAWAII,96817,"COELHO WAY
HONOLULU, HAWAII 96817
(21.328951096550792, -157.84547001605284)",COELHO WAY ,   ,HONOLULU,HAWAII,96817,,,14080,Open,137 New and Renewal 2,Category 2,10/01/2010 12:00:00 AM,1,8,6,25,10/01/2012 12:00:00 AM
J. W. MARRIOTT IHILANI RESORT & SPA USHIO TEI,"MARRIOTT HOTEL SERVICES, INC.",(808)679-0079,5150,"OLANI STREET
KAPOLEI, HAWAII 96707
(21.342537562591247, -158.12307743334605)",OLANI STREET ,   ,KAPOLEI,HAWAII,96707,"OLANI STREET
KAPOLEI, HAWAII 96707
(21.342537562591247, -158.12307743334605)",OLANI STREET ,   ,KAPOLEI,HAWAII,96707,,,5150,Open,137 New and Renewal 1,Category 1,09/26/2011 12:00:00 AM,9,1,57,1,10/08/2013 12:00:00 AM
"SALVATION ARMY ADDICTION TREATMENT SERVICES, THE",THE SALVATION ARMY,(808)595-5805,824,"WAOKANAKA STREET
HONOLULU, HAWAII 96817
(21.345114503244567, -157.83124922113157)",WAOKANAKA STREET ,   ,HONOLULU,HAWAII,96817,"WAOKANAKA STREET
HONOLULU, HAWAII 96817
(21.345114503244567, -157.83124922113157)",WAOKANAKA STREET ,   ,HONOLULU,HAWAII,96817,,,824,Open,137 New and Renewal 1,Category 1,04/12/2011 12:00:00 AM,1,9,2,8,04/28/2013 12:00:00 AM
RAINBOW SCHOOL,"RAINBOW SCHOOL, INC.",(808)293-9341,1243,"CALIFORNIA AVENUE
WAHIAWA, HAWAII 96786
(21.49588995502748, -158.02980424907722)",CALIFORNIA AVENUE ,   ,WAHIAWA,HAWAII,96786,"CALIFORNIA AVENUE
WAHIAWA, HAWAII 96786
(21.49588995502748, -158.02980424907722)",CALIFORNIA AVENUE ,   ,WAHIAWA,HAWAII,96786,,,1243,Open,137 New and Renewal 3,Category 3,05/31/2011 12:00:00 AM,7,3,19,14,06/23/2013 12:00:00 AM
NET CAFÉ,HYUNG JUN KWON,(808)955-9736,9997,"MAKALOA STREET
HONOLULU, HAWAII 96814
(21.29383170762512, -157.84214931790567)",MAKALOA STREET ,1532,HONOLULU,HAWAII,96814,"MAKALOA STREET
HONOLULU, HAWAII 96814
(21.29383170762512, -157.84214931790567)",MAKALOA STREET ,1532,HONOLULU,HAWAII,96814,,,9997,Open,137 New and Renewal 2,Category 2,03/16/2011 12:00:00 AM,2,3,21,27,03/29/2013 12:00:00 AM
WASHINGTON MIDDLE SCHOOL,DEPARTMENT OF EDUCATION,(808)973-0182,2027,"SOUTH KING STREET